epoch,time,train/box_loss,train/seg_loss,train/cls_loss,train/dfl_loss,metrics/precision(B),metrics/recall(B),metrics/mAP50(B),metrics/mAP50-95(B),metrics/precision(M),metrics/recall(M),metrics/mAP50(M),metrics/mAP50-95(M),val/box_loss,val/seg_loss,val/cls_loss,val/dfl_loss,lr/pg0,lr/pg1,lr/pg2
1,0.927876,2.31364,5.00382,3.52017,1.9497,0.00667,0.05797,0.00381,0.00169,0.00333,0.02899,0.00204,0.00054,2.0299,4.25729,3.49471,1.9133,0,0,0
2,1.40225,2.18708,5.48265,3.44907,2.18824,0.00833,0.07246,0.00499,0.00177,0.00333,0.02899,0.00191,0.00053,2.045,4.26188,3.48928,1.9195,1.99604e-05,1.99604e-05,1.99604e-05
3,1.86794,2.29774,5.10355,3.49197,2.07786,0.005,0.04348,0.00543,0.00141,0.00167,0.01449,0.00207,0.00021,2.04445,4.25055,3.49406,1.92308,3.98416e-05,3.98416e-05,3.98416e-05
4,2.34057,2.4983,4.86555,3.54882,1.96896,0.01333,0.11594,0.00766,0.00188,0.00333,0.02899,0.00172,0.00051,1.85562,3.87823,3.43157,1.71413,5.96436e-05,5.96436e-05,5.96436e-05
5,3.02027,2.11618,4.3634,3.51807,1.88414,0.01,0.08696,0.00603,0.00174,0.00333,0.02899,0.00174,0.00026,1.85882,3.88694,3.43884,1.72169,7.93664e-05,7.93664e-05,7.93664e-05
6,3.5874,1.98479,4.63922,3.50747,1.78146,0.02167,0.18841,0.01502,0.00618,0.01333,0.11594,0.00805,0.00292,1.62831,3.42477,3.3662,1.5063,9.901e-05,9.901e-05,9.901e-05
7,4.1972,1.75176,3.94917,3.34248,1.67612,0.03,0.26087,0.0274,0.01037,0.01833,0.15942,0.01079,0.00464,1.55864,3.12205,3.27741,1.40641,0.000118574,0.000118574,0.000118574
8,4.89199,1.69418,3.87549,3.20298,1.6202,0.03833,0.33333,0.02977,0.01418,0.035,0.30435,0.02489,0.01079,1.53492,3.02589,3.21633,1.35153,0.00013806,0.00013806,0.00013806
9,5.58248,1.74027,3.39371,3.36404,1.4821,0.04,0.34783,0.04881,0.02072,0.03667,0.31884,0.03602,0.01446,1.55026,3.02865,3.17992,1.31229,0.000157466,0.000157466,0.000157466
10,6.21366,1.63476,3.24544,3.22962,1.39516,0.055,0.47826,0.06758,0.03296,0.045,0.3913,0.03681,0.01477,1.52301,3.09558,3.16536,1.28278,0.000176792,0.000176792,0.000176792
11,6.84289,1.44475,3.02979,3.12964,1.2483,0.06167,0.53623,0.06947,0.03525,0.05333,0.46377,0.04404,0.01579,1.4583,3.12464,3.14998,1.2363,0.00019604,0.00019604,0.00019604
12,7.48528,1.42256,2.77469,3.14183,1.26237,0.07333,0.63768,0.09795,0.04425,0.065,0.56522,0.06812,0.02376,1.40219,3.15282,3.15516,1.22327,0.000215208,0.000215208,0.000215208
13,8.16168,1.28015,2.51447,3.08097,1.23314,0.085,0.73913,0.11495,0.05265,0.07,0.6087,0.09506,0.03431,1.33553,3.28945,3.16045,1.19589,0.000234298,0.000234298,0.000234298
14,8.79775,1.22324,2.46743,3.00984,1.18623,0.08833,0.76812,0.1356,0.05762,0.07833,0.68116,0.08979,0.04158,1.31143,3.41542,3.1572,1.1757,0.000253308,0.000253308,0.000253308
15,9.50342,1.2268,2.1457,2.87275,1.15805,0.08833,0.76812,0.16364,0.0724,0.07167,0.62319,0.103,0.056,1.30117,3.54586,3.1482,1.17615,0.000272238,0.000272238,0.000272238
16,10.1148,1.31648,2.56356,2.92067,1.15393,0.08833,0.76812,0.16323,0.08231,0.07333,0.63768,0.11671,0.0563,1.31442,3.75082,3.11622,1.17575,0.00029109,0.00029109,0.00029109
17,10.718,1.22355,2.43286,2.77873,1.10817,0.09167,0.7971,0.16688,0.0938,0.07333,0.63768,0.13775,0.06788,1.3335,3.65297,3.10886,1.19751,0.000309862,0.000309862,0.000309862
18,11.435,1.27098,2.53265,2.54767,1.17066,0.09167,0.7971,0.16688,0.0938,0.07333,0.63768,0.13775,0.06788,1.3335,3.65297,3.10886,1.19751,0.000328556,0.000328556,0.000328556
19,12.0781,1.09188,1.87191,2.61092,1.05234,0.09333,0.81159,0.23965,0.1236,0.08833,0.76812,0.19983,0.09866,1.23743,3.26422,3.09758,1.13259,0.00034717,0.00034717,0.00034717
20,12.7164,1.18617,1.86966,2.66752,1.03907,0.09333,0.81159,0.23965,0.1236,0.08833,0.76812,0.19983,0.09866,1.23743,3.26422,3.09758,1.13259,0.000365704,0.000365704,0.000365704
21,13.4642,1.05036,1.92683,2.60736,1.03306,0.095,0.82609,0.28347,0.15572,0.09333,0.81159,0.25001,0.12067,1.23857,3.11897,3.08004,1.12916,0.00038416,0.00038416,0.00038416
22,14.0674,1.19717,2.33751,2.45082,1.10097,0.095,0.82609,0.28347,0.15572,0.09333,0.81159,0.25001,0.12067,1.23857,3.11897,3.08004,1.12916,0.000402536,0.000402536,0.000402536
23,14.7483,1.08598,1.96561,2.47418,1.05757,0.09667,0.84058,0.27351,0.15701,0.095,0.82609,0.25695,0.11013,1.21946,2.95133,3.07883,1.10293,0.000420834,0.000420834,0.000420834
24,15.2736,1.39757,2.63856,2.70994,1.11629,0.09667,0.84058,0.27351,0.15701,0.095,0.82609,0.25695,0.11013,1.21946,2.95133,3.07883,1.10293,0.000439052,0.000439052,0.000439052
25,15.85,1.23555,2.2504,2.72903,1.11274,0.09833,0.85507,0.27166,0.16132,0.09167,0.7971,0.18897,0.08799,1.18054,2.96924,3.05019,1.08439,0.00045719,0.00045719,0.00045719
26,16.382,1.2314,2.01924,2.61834,1.03608,0.09833,0.85507,0.27166,0.16132,0.09167,0.7971,0.18897,0.08799,1.18054,2.96924,3.05019,1.08439,0.00047525,0.00047525,0.00047525
27,17.0821,1.42491,2.53896,2.56482,1.13566,0.09667,0.84058,0.30949,0.15784,0.09333,0.81159,0.22925,0.08891,1.20614,3.06979,3.00736,1.08128,0.00049323,0.00049323,0.00049323
28,17.8176,1.20547,2.01164,2.3535,1.03294,0.09667,0.84058,0.30949,0.15784,0.09333,0.81159,0.22925,0.08891,1.20614,3.06979,3.00736,1.08128,0.000511132,0.000511132,0.000511132
29,18.2644,1.13712,2.02695,2.25111,1.02739,0.10167,0.88406,0.34384,0.15661,0.08833,0.76812,0.29578,0.12727,1.24844,2.9659,3.00492,1.11095,0.000528954,0.000528954,0.000528954
30,18.7886,1.23597,1.9274,2.19684,1.06319,0.10167,0.88406,0.34384,0.15661,0.08833,0.76812,0.29578,0.12727,1.24844,2.9659,3.00492,1.11095,0.000546696,0.000546696,0.000546696
31,19.3179,1.10299,1.802,2.07765,1.02447,0.09667,0.84058,0.35891,0.17785,0.09167,0.7971,0.32077,0.12535,1.20119,3.04604,2.94701,1.10165,0.00056436,0.00056436,0.00056436
32,19.8893,1.27023,2.14408,1.96423,1.15676,0.09667,0.84058,0.35891,0.17785,0.09167,0.7971,0.32077,0.12535,1.20119,3.04604,2.94701,1.10165,0.000581944,0.000581944,0.000581944
33,20.4161,1.11349,1.85876,2.13226,1.02033,0.09167,0.7971,0.36941,0.18015,0.08667,0.75362,0.27278,0.12007,1.2107,3.10277,2.93813,1.10984,0.00059945,0.00059945,0.00059945
34,20.8475,1.18245,1.78004,2.0372,1.08924,0.09167,0.7971,0.36941,0.18015,0.08667,0.75362,0.27278,0.12007,1.2107,3.10277,2.93813,1.10984,0.000616876,0.000616876,0.000616876
35,21.3348,1.22702,2.15241,2.32018,1.04417,0.095,0.82609,0.36456,0.16007,0.085,0.73913,0.3063,0.11627,1.2536,2.97335,2.90052,1.12155,0.000634222,0.000634222,0.000634222
36,21.7718,1.19773,1.91075,1.98743,1.00681,0.095,0.82609,0.36456,0.16007,0.085,0.73913,0.3063,0.11627,1.2536,2.97335,2.90052,1.12155,0.00065149,0.00065149,0.00065149
37,22.2225,1.06541,1.72111,1.8054,1.01126,0.09333,0.81159,0.29906,0.14613,0.07667,0.66667,0.20078,0.09186,1.20157,3.08073,2.82208,1.07345,0.000668678,0.000668678,0.000668678
38,22.6628,1.1897,1.91516,1.91007,1.02964,0.09333,0.81159,0.29906,0.14613,0.07667,0.66667,0.20078,0.09186,1.20157,3.08073,2.82208,1.07345,0.000685788,0.000685788,0.000685788
39,23.1472,1.21439,1.9193,1.91548,1.02896,0.09333,0.81159,0.28363,0.1461,0.07833,0.68116,0.1655,0.06469,1.30577,3.43136,2.7663,1.11394,0.000702818,0.000702818,0.000702818
40,23.5825,1.07199,1.65039,1.60983,0.99968,0.09333,0.81159,0.28363,0.1461,0.07833,0.68116,0.1655,0.06469,1.30577,3.43136,2.7663,1.11394,0.000719768,0.000719768,0.000719768
41,24.0911,1.15591,1.98925,1.78929,1.00206,0.095,0.82609,0.27193,0.1519,0.07833,0.68116,0.18758,0.08483,1.33238,3.29039,2.73806,1.12877,0.00073664,0.00073664,0.00073664
42,24.5257,1.15347,1.72751,1.51115,1.01036,0.095,0.82609,0.27193,0.1519,0.07833,0.68116,0.18758,0.08483,1.33238,3.29039,2.73806,1.12877,0.000753432,0.000753432,0.000753432
43,25.0566,1.05475,1.63523,1.41614,1.02188,0.095,0.82609,0.33642,0.18765,0.09167,0.7971,0.31513,0.14908,1.2608,3.14016,2.66256,1.0884,0.000770146,0.000770146,0.000770146
44,25.5798,1.0692,1.452,1.42254,0.97928,0.095,0.82609,0.33642,0.18765,0.09167,0.7971,0.31513,0.14908,1.2608,3.14016,2.66256,1.0884,0.00078678,0.00078678,0.00078678
45,26.1423,1.0315,1.57538,1.42738,0.99004,0.09167,0.7971,0.40192,0.21146,0.08333,0.72464,0.35958,0.17507,1.27241,3.17337,2.57403,1.0742,0.000803334,0.000803334,0.000803334
46,26.6885,1.19833,1.97948,1.28984,1.06401,0.09167,0.7971,0.40192,0.21146,0.08333,0.72464,0.35958,0.17507,1.27241,3.17337,2.57403,1.0742,0.00081981,0.00081981,0.00081981
47,27.247,1.03196,1.58947,1.30947,1.00297,0.09033,0.76812,0.39834,0.21396,0.08986,0.76408,0.33721,0.16639,1.26002,3.0903,2.54604,1.08083,0.000836206,0.000836206,0.000836206
48,27.7252,0.97504,1.40703,1.13998,0.98735,0.09033,0.76812,0.39834,0.21396,0.08986,0.76408,0.33721,0.16639,1.26002,3.0903,2.54604,1.08083,0.000852524,0.000852524,0.000852524
49,28.2117,1.12724,1.69319,1.13445,1.00019,0.27519,0.55072,0.35867,0.21697,0.26787,0.50725,0.31361,0.1774,1.24188,3.369,2.47906,1.10676,0.000868762,0.000868762,0.000868762
50,28.6499,1.22855,1.62566,1.15767,1.04732,0.27519,0.55072,0.35867,0.21697,0.26787,0.50725,0.31361,0.1774,1.24188,3.369,2.47906,1.10676,0.00088492,0.00088492,0.00088492
51,29.1299,1.16216,1.85819,1.07012,0.97577,0.38223,0.52174,0.31333,0.18961,0.39857,0.3913,0.28583,0.15811,1.34197,3.45204,2.39891,1.12093,0.000901,0.000901,0.000901
52,29.5682,1.11927,1.82843,1.17458,1.07339,0.38223,0.52174,0.31333,0.18961,0.39857,0.3913,0.28583,0.15811,1.34197,3.45204,2.39891,1.12093,0.000917,0.000917,0.000917
53,30.0481,1.07226,1.7128,1.1635,0.96991,0.38223,0.52174,0.31333,0.18961,0.39857,0.3913,0.28583,0.15811,1.34197,3.45204,2.39891,1.12093,0.000932922,0.000932922,0.000932922
54,30.4995,0.97395,1.33233,1.08627,1.02495,0.45043,0.42029,0.33592,0.20201,0.45043,0.42029,0.33699,0.18306,1.40952,3.19856,2.32927,1.1688,0.000948764,0.000948764,0.000948764
55,30.9457,0.99996,1.47771,1.03737,0.98775,0.45043,0.42029,0.33592,0.20201,0.45043,0.42029,0.33699,0.18306,1.40952,3.19856,2.32927,1.1688,0.000964526,0.000964526,0.000964526
56,31.4169,1.18533,1.98301,1.19161,1.12141,0.45043,0.42029,0.33592,0.20201,0.45043,0.42029,0.33699,0.18306,1.40952,3.19856,2.32927,1.1688,0.00098021,0.00098021,0.00098021
57,31.8836,1.06625,1.77186,1.05648,1.022,0.51091,0.4088,0.364,0.2161,0.47914,0.37335,0.34112,0.19739,1.35714,2.85011,2.31888,1.15846,0.000995814,0.000995814,0.000995814
58,32.3972,1.06983,1.80334,0.99918,0.98834,0.51091,0.4088,0.364,0.2161,0.47914,0.37335,0.34112,0.19739,1.35714,2.85011,2.31888,1.15846,0.00101134,0.00101134,0.00101134
59,32.9518,1.17837,2.00895,1.04522,1.02084,0.51091,0.4088,0.364,0.2161,0.47914,0.37335,0.34112,0.19739,1.35714,2.85011,2.31888,1.15846,0.00102679,0.00102679,0.00102679
60,33.5161,0.97638,1.32556,1.01982,1.03527,0.54149,0.36232,0.38635,0.24625,0.54149,0.36232,0.37628,0.228,1.34669,2.88049,2.34132,1.17581,0.00104215,0.00104215,0.00104215
61,34.0576,1.10201,1.57375,1.11808,1.00289,0.54149,0.36232,0.38635,0.24625,0.54149,0.36232,0.37628,0.228,1.34669,2.88049,2.34132,1.17581,0.00105744,0.00105744,0.00105744
62,34.5851,0.96143,1.46697,0.9243,0.97332,0.54149,0.36232,0.38635,0.24625,0.54149,0.36232,0.37628,0.228,1.34669,2.88049,2.34132,1.17581,0.00107265,0.00107265,0.00107265
63,35.1198,0.93904,1.21477,0.96463,0.98512,0.52108,0.31884,0.32267,0.19453,0.55814,0.33333,0.36143,0.18116,1.32316,2.98151,2.40696,1.22038,0.00108778,0.00108778,0.00108778
64,35.5471,0.84024,1.04496,1.02011,0.97809,0.52108,0.31884,0.32267,0.19453,0.55814,0.33333,0.36143,0.18116,1.32316,2.98151,2.40696,1.22038,0.00110283,0.00110283,0.00110283
65,36.008,1.04351,1.66232,0.98927,1.04873,0.52108,0.31884,0.32267,0.19453,0.55814,0.33333,0.36143,0.18116,1.32316,2.98151,2.40696,1.22038,0.0011178,0.0011178,0.0011178
66,36.4859,1.01919,1.46916,0.96507,1.02693,0.44291,0.34783,0.33223,0.15687,0.4826,0.28397,0.33545,0.14127,1.31966,3.02098,2.46465,1.21614,0.00113269,0.00113269,0.00113269
67,36.9119,0.93001,1.43568,0.96219,1.03211,0.44291,0.34783,0.33223,0.15687,0.4826,0.28397,0.33545,0.14127,1.31966,3.02098,2.46465,1.21614,0.0011475,0.0011475,0.0011475
68,37.329,1.0794,1.62054,1.1705,1.04133,0.44291,0.34783,0.33223,0.15687,0.4826,0.28397,0.33545,0.14127,1.31966,3.02098,2.46465,1.21614,0.00116224,0.00116224,0.00116224
69,37.8804,1.01144,1.55764,0.86585,0.95918,0.73886,0.43478,0.5195,0.28966,0.69226,0.4058,0.49908,0.25155,1.37735,3.21756,2.29861,1.21911,0.00117689,0.00117689,0.00117689
70,38.424,1.06103,1.62827,0.90505,0.96945,0.73886,0.43478,0.5195,0.28966,0.69226,0.4058,0.49908,0.25155,1.37735,3.21756,2.29861,1.21911,0.00119146,0.00119146,0.00119146
71,38.9688,0.97333,1.43649,0.91727,0.97339,0.73886,0.43478,0.5195,0.28966,0.69226,0.4058,0.49908,0.25155,1.37735,3.21756,2.29861,1.21911,0.00120596,0.00120596,0.00120596
72,39.558,1.04832,1.64446,0.95637,1.04221,0.59879,0.44928,0.43989,0.25055,0.5891,0.43478,0.41299,0.22279,1.36516,3.23231,2.23957,1.19391,0.00122038,0.00122038,0.00122038
73,39.9954,0.98144,1.52425,0.93689,1.007,0.59879,0.44928,0.43989,0.25055,0.5891,0.43478,0.41299,0.22279,1.36516,3.23231,2.23957,1.19391,0.00123471,0.00123471,0.00123471
74,40.4504,0.91651,1.37593,0.87324,0.98125,0.59879,0.44928,0.43989,0.25055,0.5891,0.43478,0.41299,0.22279,1.36516,3.23231,2.23957,1.19391,0.00124897,0.00124897,0.00124897
75,40.9292,1.08542,1.89009,0.98895,1.04316,0.73953,0.43478,0.50093,0.29481,0.72099,0.42029,0.45819,0.24694,1.33195,3.45824,2.22143,1.17528,0.00126315,0.00126315,0.00126315
76,41.3964,1.08034,1.66297,0.90405,1.03049,0.73953,0.43478,0.50093,0.29481,0.72099,0.42029,0.45819,0.24694,1.33195,3.45824,2.22143,1.17528,0.00127725,0.00127725,0.00127725
77,41.8422,1.02996,1.51574,0.87703,0.99881,0.73953,0.43478,0.50093,0.29481,0.72099,0.42029,0.45819,0.24694,1.33195,3.45824,2.22143,1.17528,0.00129127,0.00129127,0.00129127
78,42.3118,1.11749,1.77653,0.9665,1.05704,0.81836,0.45715,0.58,0.36698,0.81799,0.45602,0.56925,0.29983,1.31626,3.21547,2.08003,1.16975,0.00130521,0.00130521,0.00130521
79,42.8559,0.92498,1.273,0.82262,0.9791,0.81836,0.45715,0.58,0.36698,0.81799,0.45602,0.56925,0.29983,1.31626,3.21547,2.08003,1.16975,0.00131907,0.00131907,0.00131907
80,43.4238,0.92568,1.38194,0.86057,0.96151,0.81836,0.45715,0.58,0.36698,0.81799,0.45602,0.56925,0.29983,1.31626,3.21547,2.08003,1.16975,0.00133286,0.00133286,0.00133286
81,43.9774,0.84682,1.20153,0.87648,0.9688,0.77864,0.45888,0.56493,0.32809,0.75404,0.44439,0.51677,0.26968,1.4016,3.26353,2.06926,1.23301,0.00134656,0.00134656,0.00134656
82,44.411,1.05196,1.76104,1.06922,1.0311,0.77864,0.45888,0.56493,0.32809,0.75404,0.44439,0.51677,0.26968,1.4016,3.26353,2.06926,1.23301,0.00136018,0.00136018,0.00136018
83,44.9095,0.93181,1.31513,0.99264,1.05437,0.77864,0.45888,0.56493,0.32809,0.75404,0.44439,0.51677,0.26968,1.4016,3.26353,2.06926,1.23301,0.00137373,0.00137373,0.00137373
84,45.4443,0.90731,1.19226,0.80722,0.94931,0.70383,0.31884,0.44433,0.21779,0.72599,0.30435,0.39918,0.1792,1.56861,3.44202,2.29559,1.38914,0.0013872,0.0013872,0.0013872
85,45.8984,1.0787,1.42633,0.94062,1.03731,0.70383,0.31884,0.44433,0.21779,0.72599,0.30435,0.39918,0.1792,1.56861,3.44202,2.29559,1.38914,0.00140058,0.00140058,0.00140058
86,46.3554,1.04298,1.49392,0.94684,1.03885,0.70383,0.31884,0.44433,0.21779,0.72599,0.30435,0.39918,0.1792,1.56861,3.44202,2.29559,1.38914,0.00141389,0.00141389,0.00141389
87,46.8073,0.94018,1.41226,1.0787,1.03466,0.70383,0.31884,0.44433,0.21779,0.72599,0.30435,0.39918,0.1792,1.56861,3.44202,2.29559,1.38914,0.00142712,0.00142712,0.00142712
88,47.3144,1.23797,1.96925,1.10048,1.07648,0.69687,0.4665,0.52,0.28149,0.72543,0.46377,0.4772,0.23744,1.52754,3.30485,1.99174,1.32903,0.00144027,0.00144027,0.00144027
89,47.7594,0.91747,1.54366,0.85537,1.00901,0.69687,0.4665,0.52,0.28149,0.72543,0.46377,0.4772,0.23744,1.52754,3.30485,1.99174,1.32903,0.00145334,0.00145334,0.00145334
90,48.2167,0.88268,1.60064,0.94573,1.02209,0.69687,0.4665,0.52,0.28149,0.72543,0.46377,0.4772,0.23744,1.52754,3.30485,1.99174,1.32903,0.00146633,0.00146633,0.00146633
91,48.6579,0.88858,1.26023,0.83845,0.94811,0.69687,0.4665,0.52,0.28149,0.72543,0.46377,0.4772,0.23744,1.52754,3.30485,1.99174,1.32903,0.00147924,0.00147924,0.00147924
92,49.0983,0.90291,1.41019,0.98614,1.02687,0.59533,0.55439,0.50818,0.30211,0.57976,0.53989,0.47791,0.26761,1.50825,3.09777,1.76408,1.27677,0.00149207,0.00149207,0.00149207
93,49.5339,0.90704,1.36709,1.15966,1.00963,0.59533,0.55439,0.50818,0.30211,0.57976,0.53989,0.47791,0.26761,1.50825,3.09777,1.76408,1.27677,0.00150483,0.00150483,0.00150483
94,50.0112,0.92457,1.49719,0.82959,0.95951,0.59533,0.55439,0.50818,0.30211,0.57976,0.53989,0.47791,0.26761,1.50825,3.09777,1.76408,1.27677,0.0015175,0.0015175,0.0015175
95,50.4894,1.15115,1.97017,1.05982,1.0508,0.59533,0.55439,0.50818,0.30211,0.57976,0.53989,0.47791,0.26761,1.50825,3.09777,1.76408,1.27677,0.00153009,0.00153009,0.00153009
96,50.9737,0.97557,1.45949,0.91849,0.97946,0.58694,0.52174,0.51988,0.28024,0.61305,0.50725,0.48705,0.2617,1.56147,3.05082,1.82946,1.27181,0.00154261,0.00154261,0.00154261
97,51.4224,0.94941,1.47571,0.88631,1.05187,0.58694,0.52174,0.51988,0.28024,0.61305,0.50725,0.48705,0.2617,1.56147,3.05082,1.82946,1.27181,0.00155505,0.00155505,0.00155505
98,51.8826,0.96947,1.4247,0.92239,0.97295,0.58694,0.52174,0.51988,0.28024,0.61305,0.50725,0.48705,0.2617,1.56147,3.05082,1.82946,1.27181,0.0015674,0.0015674,0.0015674
99,52.3258,0.96358,1.50492,0.89166,0.95644,0.58694,0.52174,0.51988,0.28024,0.61305,0.50725,0.48705,0.2617,1.56147,3.05082,1.82946,1.27181,0.00157968,0.00157968,0.00157968
100,52.8061,0.91335,1.32922,0.88406,0.96027,0.53205,0.43478,0.44966,0.23408,0.59154,0.44928,0.47143,0.22106,1.68183,3.19895,1.94639,1.35614,0.00159188,0.00159188,0.00159188
101,53.2397,0.93725,1.3078,0.85182,0.97365,0.53205,0.43478,0.44966,0.23408,0.59154,0.44928,0.47143,0.22106,1.68183,3.19895,1.94639,1.35614,0.001604,0.001604,0.001604
102,53.69,0.8789,1.25542,0.85472,0.93261,0.53205,0.43478,0.44966,0.23408,0.59154,0.44928,0.47143,0.22106,1.68183,3.19895,1.94639,1.35614,0.00160004,0.00160004,0.00160004
103,54.1207,0.87443,1.28278,0.92113,0.9978,0.53205,0.43478,0.44966,0.23408,0.59154,0.44928,0.47143,0.22106,1.68183,3.19895,1.94639,1.35614,0.00159608,0.00159608,0.00159608
104,54.6327,1.0427,1.5353,0.90716,0.98027,0.60804,0.56209,0.51324,0.27518,0.56566,0.49076,0.45947,0.23781,1.54846,2.96826,1.90584,1.32124,0.00159212,0.00159212,0.00159212
105,55.0834,0.95168,1.55202,0.84093,0.95617,0.60804,0.56209,0.51324,0.27518,0.56566,0.49076,0.45947,0.23781,1.54846,2.96826,1.90584,1.32124,0.00158816,0.00158816,0.00158816
106,55.6186,1.02288,1.57441,0.86609,1.00189,0.60804,0.56209,0.51324,0.27518,0.56566,0.49076,0.45947,0.23781,1.54846,2.96826,1.90584,1.32124,0.0015842,0.0015842,0.0015842
107,56.0631,0.95045,1.15986,0.87299,0.99666,0.60804,0.56209,0.51324,0.27518,0.56566,0.49076,0.45947,0.23781,1.54846,2.96826,1.90584,1.32124,0.00158024,0.00158024,0.00158024
108,56.5458,0.92499,1.16701,0.8552,1.00965,0.6438,0.56522,0.54168,0.29738,0.51685,0.52174,0.48272,0.26025,1.39235,2.87195,1.81087,1.24972,0.00157628,0.00157628,0.00157628
109,56.9809,0.95433,1.46234,1.02695,1.04136,0.6438,0.56522,0.54168,0.29738,0.51685,0.52174,0.48272,0.26025,1.39235,2.87195,1.81087,1.24972,0.00157232,0.00157232,0.00157232
110,57.4598,1.02815,1.50609,0.9804,1.00527,0.6438,0.56522,0.54168,0.29738,0.51685,0.52174,0.48272,0.26025,1.39235,2.87195,1.81087,1.24972,0.00156836,0.00156836,0.00156836
111,58.3351,0.83281,1.23018,0.76454,0.94591,0.6438,0.56522,0.54168,0.29738,0.51685,0.52174,0.48272,0.26025,1.39235,2.87195,1.81087,1.24972,0.0015644,0.0015644,0.0015644
112,58.8171,0.90962,1.29644,0.80472,0.95869,0.60956,0.53623,0.54568,0.31431,0.59834,0.52174,0.52248,0.25033,1.33889,3.12915,1.63885,1.22998,0.00156044,0.00156044,0.00156044
113,59.2992,0.88105,1.16583,0.80048,0.96741,0.60956,0.53623,0.54568,0.31431,0.59834,0.52174,0.52248,0.25033,1.33889,3.12915,1.63885,1.22998,0.00155648,0.00155648,0.00155648
114,59.7625,0.9164,1.45293,0.81051,0.97357,0.60956,0.53623,0.54568,0.31431,0.59834,0.52174,0.52248,0.25033,1.33889,3.12915,1.63885,1.22998,0.00155252,0.00155252,0.00155252
115,60.2288,0.86444,1.24479,0.80609,0.92864,0.60956,0.53623,0.54568,0.31431,0.59834,0.52174,0.52248,0.25033,1.33889,3.12915,1.63885,1.22998,0.00154856,0.00154856,0.00154856
116,60.7029,0.96327,1.64425,0.83536,0.9746,0.50113,0.61148,0.52589,0.29222,0.45292,0.56522,0.45782,0.17637,1.36059,3.50272,1.65093,1.25393,0.0015446,0.0015446,0.0015446
117,61.144,0.85548,1.09597,0.84017,1.01585,0.50113,0.61148,0.52589,0.29222,0.45292,0.56522,0.45782,0.17637,1.36059,3.50272,1.65093,1.25393,0.00154064,0.00154064,0.00154064
118,61.5866,0.85161,1.17542,0.80559,1.0057,0.50113,0.61148,0.52589,0.29222,0.45292,0.56522,0.45782,0.17637,1.36059,3.50272,1.65093,1.25393,0.00153668,0.00153668,0.00153668
119,62.052,0.86867,1.21516,0.78911,0.97456,0.50113,0.61148,0.52589,0.29222,0.45292,0.56522,0.45782,0.17637,1.36059,3.50272,1.65093,1.25393,0.00153272,0.00153272,0.00153272
120,62.532,0.9094,1.25396,0.79136,0.95816,0.51268,0.71665,0.56445,0.30608,0.45869,0.63862,0.47837,0.23221,1.40635,3.70574,1.6615,1.26836,0.00152876,0.00152876,0.00152876
121,62.9906,1.06944,1.52377,0.92922,0.98337,0.51268,0.71665,0.56445,0.30608,0.45869,0.63862,0.47837,0.23221,1.40635,3.70574,1.6615,1.26836,0.0015248,0.0015248,0.0015248
122,63.4329,0.94539,1.28119,0.85899,0.98326,0.51268,0.71665,0.56445,0.30608,0.45869,0.63862,0.47837,0.23221,1.40635,3.70574,1.6615,1.26836,0.00152084,0.00152084,0.00152084
123,63.8802,0.85187,1.08133,0.79683,0.94841,0.51268,0.71665,0.56445,0.30608,0.45869,0.63862,0.47837,0.23221,1.40635,3.70574,1.6615,1.26836,0.00151688,0.00151688,0.00151688
124,64.358,0.91919,1.34929,0.9362,0.95081,0.54902,0.62319,0.5483,0.31763,0.47429,0.54918,0.45179,0.20953,1.40554,3.84121,1.67108,1.26252,0.00151292,0.00151292,0.00151292
125,64.8463,0.91477,1.35932,0.82574,0.95837,0.54902,0.62319,0.5483,0.31763,0.47429,0.54918,0.45179,0.20953,1.40554,3.84121,1.67108,1.26252,0.00150896,0.00150896,0.00150896
126,65.2895,0.90626,1.31735,0.77812,0.94937,0.54902,0.62319,0.5483,0.31763,0.47429,0.54918,0.45179,0.20953,1.40554,3.84121,1.67108,1.26252,0.001505,0.001505,0.001505
127,65.8585,0.84812,1.22855,0.80602,0.94084,0.54902,0.62319,0.5483,0.31763,0.47429,0.54918,0.45179,0.20953,1.40554,3.84121,1.67108,1.26252,0.00150104,0.00150104,0.00150104
128,66.2895,0.79346,1.00371,0.86827,0.99653,0.48657,0.7971,0.5982,0.32784,0.43989,0.72464,0.49728,0.19948,1.45134,3.92972,1.58165,1.241,0.00149708,0.00149708,0.00149708
129,66.7448,0.84868,1.16577,0.79233,0.93948,0.48657,0.7971,0.5982,0.32784,0.43989,0.72464,0.49728,0.19948,1.45134,3.92972,1.58165,1.241,0.00149312,0.00149312,0.00149312
130,67.2,0.88416,1.4062,0.79124,0.96023,0.48657,0.7971,0.5982,0.32784,0.43989,0.72464,0.49728,0.19948,1.45134,3.92972,1.58165,1.241,0.00148916,0.00148916,0.00148916
131,67.6442,0.77632,0.98396,0.81449,0.956,0.48657,0.7971,0.5982,0.32784,0.43989,0.72464,0.49728,0.19948,1.45134,3.92972,1.58165,1.241,0.0014852,0.0014852,0.0014852
132,68.1535,0.78629,1.09882,0.71659,0.91025,0.64517,0.68116,0.69123,0.42626,0.56295,0.68116,0.61483,0.32805,1.31473,3.11551,1.33013,1.16473,0.00148124,0.00148124,0.00148124
133,68.6887,0.80368,1.09702,0.70787,0.93284,0.64517,0.68116,0.69123,0.42626,0.56295,0.68116,0.61483,0.32805,1.31473,3.11551,1.33013,1.16473,0.00147728,0.00147728,0.00147728
134,69.3049,0.80795,1.14133,0.74849,0.94707,0.64517,0.68116,0.69123,0.42626,0.56295,0.68116,0.61483,0.32805,1.31473,3.11551,1.33013,1.16473,0.00147332,0.00147332,0.00147332
135,69.9015,0.83199,1.26633,0.83036,0.93823,0.64517,0.68116,0.69123,0.42626,0.56295,0.68116,0.61483,0.32805,1.31473,3.11551,1.33013,1.16473,0.00146936,0.00146936,0.00146936
136,70.4725,1.07095,1.8088,0.86049,1.01809,0.79385,0.71014,0.76382,0.44338,0.69664,0.62319,0.61042,0.35034,1.32867,2.99939,1.22136,1.19138,0.0014654,0.0014654,0.0014654
137,71.011,0.78298,1.16485,0.74131,0.91002,0.79385,0.71014,0.76382,0.44338,0.69664,0.62319,0.61042,0.35034,1.32867,2.99939,1.22136,1.19138,0.00146144,0.00146144,0.00146144
138,71.5274,0.82836,1.11651,0.74641,0.92839,0.79385,0.71014,0.76382,0.44338,0.69664,0.62319,0.61042,0.35034,1.32867,2.99939,1.22136,1.19138,0.00145748,0.00145748,0.00145748
139,72.0375,0.87932,1.52995,0.77645,0.93791,0.79385,0.71014,0.76382,0.44338,0.69664,0.62319,0.61042,0.35034,1.32867,2.99939,1.22136,1.19138,0.00145352,0.00145352,0.00145352
140,72.585,0.85775,1.29839,0.75124,0.96897,0.74541,0.78261,0.77217,0.44082,0.70598,0.73913,0.69675,0.38635,1.36418,2.87998,1.20482,1.21837,0.00144956,0.00144956,0.00144956
141,73.1014,0.85835,1.27103,0.79725,0.96422,0.74541,0.78261,0.77217,0.44082,0.70598,0.73913,0.69675,0.38635,1.36418,2.87998,1.20482,1.21837,0.0014456,0.0014456,0.0014456
142,73.6194,0.8441,1.40704,0.81651,0.95207,0.74541,0.78261,0.77217,0.44082,0.70598,0.73913,0.69675,0.38635,1.36418,2.87998,1.20482,1.21837,0.00144164,0.00144164,0.00144164
143,74.1482,0.80432,1.19479,0.73849,0.91848,0.74541,0.78261,0.77217,0.44082,0.70598,0.73913,0.69675,0.38635,1.36418,2.87998,1.20482,1.21837,0.00143768,0.00143768,0.00143768
144,74.7196,0.83595,1.33452,0.70958,0.92635,0.7738,0.64456,0.74658,0.4397,0.75528,0.6087,0.70745,0.38412,1.28029,2.69801,1.26494,1.18941,0.00143372,0.00143372,0.00143372
145,75.184,0.90835,1.39521,0.74931,0.93972,0.7738,0.64456,0.74658,0.4397,0.75528,0.6087,0.70745,0.38412,1.28029,2.69801,1.26494,1.18941,0.00142976,0.00142976,0.00142976
146,75.6358,0.76847,1.13679,0.71527,0.93795,0.7738,0.64456,0.74658,0.4397,0.75528,0.6087,0.70745,0.38412,1.28029,2.69801,1.26494,1.18941,0.0014258,0.0014258,0.0014258
147,76.06,0.74644,0.89576,0.98526,0.99356,0.7738,0.64456,0.74658,0.4397,0.75528,0.6087,0.70745,0.38412,1.28029,2.69801,1.26494,1.18941,0.00142184,0.00142184,0.00142184
148,76.5129,0.82797,1.34104,0.80033,0.91289,0.60168,0.68116,0.69217,0.39226,0.65892,0.57971,0.63564,0.33412,1.35352,2.80338,1.3778,1.24469,0.00141788,0.00141788,0.00141788
149,76.9749,0.79104,1.21177,0.72666,0.94189,0.60168,0.68116,0.69217,0.39226,0.65892,0.57971,0.63564,0.33412,1.35352,2.80338,1.3778,1.24469,0.00141392,0.00141392,0.00141392
150,77.4211,0.72097,0.93467,0.66598,0.92006,0.60168,0.68116,0.69217,0.39226,0.65892,0.57971,0.63564,0.33412,1.35352,2.80338,1.3778,1.24469,0.00140996,0.00140996,0.00140996
151,77.961,0.78411,1.09314,0.73969,0.9309,0.60168,0.68116,0.69217,0.39226,0.65892,0.57971,0.63564,0.33412,1.35352,2.80338,1.3778,1.24469,0.001406,0.001406,0.001406
152,78.6981,0.82054,1.17526,0.72466,0.92712,0.60994,0.70259,0.66063,0.38589,0.67018,0.6087,0.61429,0.3344,1.32557,2.71773,1.39297,1.23032,0.00140204,0.00140204,0.00140204
153,79.3425,0.81828,1.14591,0.75032,0.91924,0.60994,0.70259,0.66063,0.38589,0.67018,0.6087,0.61429,0.3344,1.32557,2.71773,1.39297,1.23032,0.00139808,0.00139808,0.00139808
154,80.0197,0.74477,0.91848,0.69597,0.91773,0.60994,0.70259,0.66063,0.38589,0.67018,0.6087,0.61429,0.3344,1.32557,2.71773,1.39297,1.23032,0.00139412,0.00139412,0.00139412
155,80.7107,0.9024,1.34506,0.76937,0.93852,0.60994,0.70259,0.66063,0.38589,0.67018,0.6087,0.61429,0.3344,1.32557,2.71773,1.39297,1.23032,0.00139016,0.00139016,0.00139016
156,81.4158,0.75184,1.02478,0.71624,0.93175,0.67733,0.69565,0.70547,0.45511,0.6914,0.64943,0.67181,0.39051,1.23229,2.55862,1.32042,1.16381,0.0013862,0.0013862,0.0013862
157,82.4164,0.79641,1.02553,0.76378,0.97012,0.67733,0.69565,0.70547,0.45511,0.6914,0.64943,0.67181,0.39051,1.23229,2.55862,1.32042,1.16381,0.00138224,0.00138224,0.00138224
158,83.4221,0.75854,1.03882,0.68086,0.91544,0.67733,0.69565,0.70547,0.45511,0.6914,0.64943,0.67181,0.39051,1.23229,2.55862,1.32042,1.16381,0.00137828,0.00137828,0.00137828
159,84.2854,0.78535,1.13768,0.71323,0.93446,0.67733,0.69565,0.70547,0.45511,0.6914,0.64943,0.67181,0.39051,1.23229,2.55862,1.32042,1.16381,0.00137432,0.00137432,0.00137432
160,85.25,0.67646,0.93264,0.65831,0.93023,0.7888,0.66667,0.7506,0.50955,0.7888,0.66667,0.73603,0.42012,1.14549,2.44939,1.19479,1.12579,0.00137036,0.00137036,0.00137036
161,86.0771,0.77704,1.17346,0.71724,0.93594,0.7888,0.66667,0.7506,0.50955,0.7888,0.66667,0.73603,0.42012,1.14549,2.44939,1.19479,1.12579,0.0013664,0.0013664,0.0013664
162,87.1036,0.74782,1.04757,0.69211,0.96003,0.7888,0.66667,0.7506,0.50955,0.7888,0.66667,0.73603,0.42012,1.14549,2.44939,1.19479,1.12579,0.00136244,0.00136244,0.00136244
163,88.038,0.82137,1.28511,0.70603,0.94037,0.7888,0.66667,0.7506,0.50955,0.7888,0.66667,0.73603,0.42012,1.14549,2.44939,1.19479,1.12579,0.00135848,0.00135848,0.00135848
164,88.8498,0.80603,1.10454,0.71052,0.91679,0.71099,0.75362,0.76372,0.51855,0.77355,0.64365,0.73132,0.42051,1.15357,2.47288,1.16336,1.11609,0.00135452,0.00135452,0.00135452
165,89.3755,0.8049,1.24719,0.75207,0.96029,0.71099,0.75362,0.76372,0.51855,0.77355,0.64365,0.73132,0.42051,1.15357,2.47288,1.16336,1.11609,0.00135056,0.00135056,0.00135056
166,89.9847,0.80377,1.28189,0.78895,0.90634,0.71099,0.75362,0.76372,0.51855,0.77355,0.64365,0.73132,0.42051,1.15357,2.47288,1.16336,1.11609,0.0013466,0.0013466,0.0013466
167,90.5152,0.74164,1.03224,0.71466,0.94899,0.71099,0.75362,0.76372,0.51855,0.77355,0.64365,0.73132,0.42051,1.15357,2.47288,1.16336,1.11609,0.00134264,0.00134264,0.00134264
168,91.0565,0.81013,1.3004,0.7315,0.97666,0.71025,0.75362,0.75836,0.50072,0.70361,0.72251,0.72909,0.44338,1.25033,2.41753,1.17356,1.14717,0.00133868,0.00133868,0.00133868
169,91.5995,0.74964,1.0896,0.66605,0.87629,0.71025,0.75362,0.75836,0.50072,0.70361,0.72251,0.72909,0.44338,1.25033,2.41753,1.17356,1.14717,0.00133472,0.00133472,0.00133472
170,92.1078,0.75204,1.02193,0.72836,0.94611,0.71025,0.75362,0.75836,0.50072,0.70361,0.72251,0.72909,0.44338,1.25033,2.41753,1.17356,1.14717,0.00133076,0.00133076,0.00133076
171,92.62,0.72427,1.01359,0.65522,0.91444,0.71025,0.75362,0.75836,0.50072,0.70361,0.72251,0.72909,0.44338,1.25033,2.41753,1.17356,1.14717,0.0013268,0.0013268,0.0013268
172,93.1844,0.79408,1.23067,0.70458,0.90123,0.71764,0.7367,0.73257,0.47402,0.71534,0.72843,0.73269,0.43089,1.25997,2.39404,1.16688,1.15822,0.00132284,0.00132284,0.00132284
173,93.628,0.68777,0.8457,0.67144,0.91653,0.71764,0.7367,0.73257,0.47402,0.71534,0.72843,0.73269,0.43089,1.25997,2.39404,1.16688,1.15822,0.00131888,0.00131888,0.00131888
174,94.0646,0.76084,1.12193,0.70169,0.95363,0.71764,0.7367,0.73257,0.47402,0.71534,0.72843,0.73269,0.43089,1.25997,2.39404,1.16688,1.15822,0.00131492,0.00131492,0.00131492
175,94.5203,0.81858,1.17272,0.70204,0.90972,0.71764,0.7367,0.73257,0.47402,0.71534,0.72843,0.73269,0.43089,1.25997,2.39404,1.16688,1.15822,0.00131096,0.00131096,0.00131096
176,94.9836,0.90289,1.45665,0.71764,0.96363,0.855,0.63768,0.77102,0.51636,0.855,0.63768,0.75154,0.44515,1.19111,2.38349,1.16752,1.13049,0.001307,0.001307,0.001307
177,95.5052,0.78046,1.04331,0.67743,0.91222,0.855,0.63768,0.77102,0.51636,0.855,0.63768,0.75154,0.44515,1.19111,2.38349,1.16752,1.13049,0.00130304,0.00130304,0.00130304
178,96.033,0.70913,0.98072,0.6511,0.90298,0.855,0.63768,0.77102,0.51636,0.855,0.63768,0.75154,0.44515,1.19111,2.38349,1.16752,1.13049,0.00129908,0.00129908,0.00129908
179,96.539,0.6543,0.78794,0.67516,0.89569,0.855,0.63768,0.77102,0.51636,0.855,0.63768,0.75154,0.44515,1.19111,2.38349,1.16752,1.13049,0.00129512,0.00129512,0.00129512
180,97.0728,0.77306,1.19015,0.6675,0.9194,0.89871,0.66667,0.77555,0.52525,0.89871,0.66667,0.78021,0.44512,1.1223,2.32674,1.15793,1.09822,0.00129116,0.00129116,0.00129116
181,97.6201,0.90908,1.29298,0.78195,0.94325,0.89871,0.66667,0.77555,0.52525,0.89871,0.66667,0.78021,0.44512,1.1223,2.32674,1.15793,1.09822,0.0012872,0.0012872,0.0012872
182,98.1846,0.86355,1.11241,0.68056,0.90909,0.89871,0.66667,0.77555,0.52525,0.89871,0.66667,0.78021,0.44512,1.1223,2.32674,1.15793,1.09822,0.00128324,0.00128324,0.00128324
183,98.7171,0.91299,1.24704,0.7429,0.91187,0.89871,0.66667,0.77555,0.52525,0.89871,0.66667,0.78021,0.44512,1.1223,2.32674,1.15793,1.09822,0.00127928,0.00127928,0.00127928
184,99.2753,0.89745,1.24699,0.72935,0.93271,0.78376,0.72464,0.75867,0.50186,0.78376,0.72464,0.76333,0.43835,1.17879,2.30419,1.15408,1.12217,0.00127532,0.00127532,0.00127532
185,99.7158,0.71023,0.97422,0.65168,0.90661,0.78376,0.72464,0.75867,0.50186,0.78376,0.72464,0.76333,0.43835,1.17879,2.30419,1.15408,1.12217,0.00127136,0.00127136,0.00127136
186,100.167,0.75333,1.02011,0.66271,0.88662,0.78376,0.72464,0.75867,0.50186,0.78376,0.72464,0.76333,0.43835,1.17879,2.30419,1.15408,1.12217,0.0012674,0.0012674,0.0012674
187,100.619,0.78467,1.04668,0.72251,0.8835,0.78376,0.72464,0.75867,0.50186,0.78376,0.72464,0.76333,0.43835,1.17879,2.30419,1.15408,1.12217,0.00126344,0.00126344,0.00126344
188,101.102,0.91402,1.33155,0.73112,0.93658,0.8117,0.69565,0.75598,0.48679,0.8117,0.69565,0.75869,0.45028,1.25048,2.25012,1.15086,1.16589,0.00125948,0.00125948,0.00125948
189,101.555,0.74059,0.90649,0.63209,0.88666,0.8117,0.69565,0.75598,0.48679,0.8117,0.69565,0.75869,0.45028,1.25048,2.25012,1.15086,1.16589,0.00125552,0.00125552,0.00125552
190,102.001,0.82571,1.00026,0.66915,0.90362,0.8117,0.69565,0.75598,0.48679,0.8117,0.69565,0.75869,0.45028,1.25048,2.25012,1.15086,1.16589,0.00125156,0.00125156,0.00125156
191,102.442,0.79385,1.01558,0.65198,0.90687,0.8117,0.69565,0.75598,0.48679,0.8117,0.69565,0.75869,0.45028,1.25048,2.25012,1.15086,1.16589,0.0012476,0.0012476,0.0012476
192,102.929,0.84488,0.9442,0.6676,0.93072,0.76532,0.70896,0.76815,0.49855,0.77848,0.72464,0.77083,0.46833,1.20394,2.3378,1.14139,1.14582,0.00124364,0.00124364,0.00124364
193,103.367,0.66423,0.79825,0.66172,0.88762,0.76532,0.70896,0.76815,0.49855,0.77848,0.72464,0.77083,0.46833,1.20394,2.3378,1.14139,1.14582,0.00123968,0.00123968,0.00123968
194,103.811,0.79312,1.07457,0.66784,0.91438,0.76532,0.70896,0.76815,0.49855,0.77848,0.72464,0.77083,0.46833,1.20394,2.3378,1.14139,1.14582,0.00123572,0.00123572,0.00123572
195,104.241,0.6549,0.83886,0.59527,0.89634,0.76532,0.70896,0.76815,0.49855,0.77848,0.72464,0.77083,0.46833,1.20394,2.3378,1.14139,1.14582,0.00123176,0.00123176,0.00123176
196,104.705,0.67866,0.77278,0.61163,0.88611,0.72029,0.7971,0.7696,0.50801,0.72029,0.7971,0.7633,0.44699,1.14458,2.5341,1.11093,1.12545,0.0012278,0.0012278,0.0012278
197,105.149,0.72111,0.97491,0.71246,0.94615,0.72029,0.7971,0.7696,0.50801,0.72029,0.7971,0.7633,0.44699,1.14458,2.5341,1.11093,1.12545,0.00122384,0.00122384,0.00122384
198,105.602,0.8183,1.1289,0.70654,0.91934,0.72029,0.7971,0.7696,0.50801,0.72029,0.7971,0.7633,0.44699,1.14458,2.5341,1.11093,1.12545,0.00121988,0.00121988,0.00121988
199,106.04,0.80643,0.94016,0.72921,0.92954,0.72029,0.7971,0.7696,0.50801,0.72029,0.7971,0.7633,0.44699,1.14458,2.5341,1.11093,1.12545,0.00121592,0.00121592,0.00121592
200,106.548,0.73806,0.93389,0.63219,0.89409,0.69985,0.84485,0.75297,0.50532,0.68315,0.81245,0.73724,0.4465,1.13376,2.45201,1.10725,1.13783,0.00121196,0.00121196,0.00121196
201,106.985,0.66428,1.03,0.67611,0.90502,0.69985,0.84485,0.75297,0.50532,0.68315,0.81245,0.73724,0.4465,1.13376,2.45201,1.10725,1.13783,0.001208,0.001208,0.001208
202,107.459,0.7404,1.03724,0.65745,0.88161,0.69985,0.84485,0.75297,0.50532,0.68315,0.81245,0.73724,0.4465,1.13376,2.45201,1.10725,1.13783,0.00120404,0.00120404,0.00120404
203,107.925,0.68229,0.86708,0.64661,0.89622,0.69985,0.84485,0.75297,0.50532,0.68315,0.81245,0.73724,0.4465,1.13376,2.45201,1.10725,1.13783,0.00120008,0.00120008,0.00120008
204,108.408,0.8461,1.13059,0.70476,0.91118,0.73656,0.73913,0.73351,0.4931,0.73759,0.73913,0.73861,0.453,1.14675,2.44709,1.16731,1.1354,0.00119612,0.00119612,0.00119612
205,108.877,0.76845,1.15705,0.69631,0.8752,0.73656,0.73913,0.73351,0.4931,0.73759,0.73913,0.73861,0.453,1.14675,2.44709,1.16731,1.1354,0.00119216,0.00119216,0.00119216
206,109.335,0.68475,0.91667,0.60479,0.88528,0.73656,0.73913,0.73351,0.4931,0.73759,0.73913,0.73861,0.453,1.14675,2.44709,1.16731,1.1354,0.0011882,0.0011882,0.0011882
207,109.798,0.65444,0.86861,0.60513,0.89523,0.73656,0.73913,0.73351,0.4931,0.73759,0.73913,0.73861,0.453,1.14675,2.44709,1.16731,1.1354,0.00118424,0.00118424,0.00118424
208,110.258,0.72154,0.89925,0.62452,0.90819,0.70667,0.66667,0.72005,0.48531,0.71722,0.68116,0.7278,0.43709,1.13728,2.4472,1.22997,1.11964,0.00118028,0.00118028,0.00118028
209,110.689,0.72962,0.90276,0.61653,0.91057,0.70667,0.66667,0.72005,0.48531,0.71722,0.68116,0.7278,0.43709,1.13728,2.4472,1.22997,1.11964,0.00117632,0.00117632,0.00117632
210,111.16,0.72738,1.03801,0.65811,0.88016,0.70667,0.66667,0.72005,0.48531,0.71722,0.68116,0.7278,0.43709,1.13728,2.4472,1.22997,1.11964,0.00117236,0.00117236,0.00117236
211,111.602,0.81407,1.17522,0.67139,0.92282,0.70667,0.66667,0.72005,0.48531,0.71722,0.68116,0.7278,0.43709,1.13728,2.4472,1.22997,1.11964,0.0011684,0.0011684,0.0011684
212,112.075,0.63876,0.73609,0.59109,0.88142,0.70906,0.63768,0.7327,0.48632,0.70906,0.63768,0.71993,0.42613,1.12117,2.53037,1.2183,1.12736,0.00116444,0.00116444,0.00116444
213,112.541,0.68307,1.06314,0.64064,0.89284,0.70906,0.63768,0.7327,0.48632,0.70906,0.63768,0.71993,0.42613,1.12117,2.53037,1.2183,1.12736,0.00116048,0.00116048,0.00116048
214,112.996,0.68924,0.97177,0.62629,0.89358,0.70906,0.63768,0.7327,0.48632,0.70906,0.63768,0.71993,0.42613,1.12117,2.53037,1.2183,1.12736,0.00115652,0.00115652,0.00115652
215,113.45,0.63959,0.72392,0.5767,0.88521,0.70906,0.63768,0.7327,0.48632,0.70906,0.63768,0.71993,0.42613,1.12117,2.53037,1.2183,1.12736,0.00115256,0.00115256,0.00115256
216,113.938,0.77215,1.04057,0.67437,0.91576,0.68783,0.78261,0.75186,0.50588,0.70763,0.73666,0.74762,0.45549,1.11998,2.47027,1.16555,1.1365,0.0011486,0.0011486,0.0011486
217,114.389,0.77065,1.1983,0.68351,0.90612,0.68783,0.78261,0.75186,0.50588,0.70763,0.73666,0.74762,0.45549,1.11998,2.47027,1.16555,1.1365,0.00114464,0.00114464,0.00114464
218,114.834,0.66162,0.78955,0.60806,0.86412,0.68783,0.78261,0.75186,0.50588,0.70763,0.73666,0.74762,0.45549,1.11998,2.47027,1.16555,1.1365,0.00114068,0.00114068,0.00114068
219,115.314,0.69083,0.90859,0.68191,0.92675,0.68783,0.78261,0.75186,0.50588,0.70763,0.73666,0.74762,0.45549,1.11998,2.47027,1.16555,1.1365,0.00113672,0.00113672,0.00113672
220,115.794,0.67791,0.88932,0.61233,0.88246,0.72103,0.78668,0.77068,0.51764,0.72103,0.78668,0.76804,0.48239,1.11452,2.38724,1.10867,1.1226,0.00113276,0.00113276,0.00113276
221,116.332,0.74977,1.08847,0.68256,0.94403,0.72103,0.78668,0.77068,0.51764,0.72103,0.78668,0.76804,0.48239,1.11452,2.38724,1.10867,1.1226,0.0011288,0.0011288,0.0011288
222,116.872,0.73958,0.87603,0.62288,0.89123,0.72103,0.78668,0.77068,0.51764,0.72103,0.78668,0.76804,0.48239,1.11452,2.38724,1.10867,1.1226,0.00112484,0.00112484,0.00112484
223,117.4,0.70669,0.91935,0.61608,0.91051,0.72103,0.78668,0.77068,0.51764,0.72103,0.78668,0.76804,0.48239,1.11452,2.38724,1.10867,1.1226,0.00112088,0.00112088,0.00112088
224,118.033,0.85282,1.33293,0.69656,0.93381,0.7707,0.76812,0.77725,0.51579,0.75552,0.75362,0.77392,0.47684,1.10558,2.40835,1.03469,1.10923,0.00111692,0.00111692,0.00111692
225,118.446,0.81057,1.2033,0.713,1.0142,0.7707,0.76812,0.77725,0.51579,0.75552,0.75362,0.77392,0.47684,1.10558,2.40835,1.03469,1.10923,0.00111296,0.00111296,0.00111296
226,118.895,0.63481,0.79298,0.57957,0.88038,0.7707,0.76812,0.77725,0.51579,0.75552,0.75362,0.77392,0.47684,1.10558,2.40835,1.03469,1.10923,0.001109,0.001109,0.001109
227,119.322,0.75856,1.06177,0.76838,0.93029,0.7707,0.76812,0.77725,0.51579,0.75552,0.75362,0.77392,0.47684,1.10558,2.40835,1.03469,1.10923,0.00110504,0.00110504,0.00110504
228,119.777,0.70932,0.83732,0.60686,0.9054,0.74377,0.79932,0.80293,0.54786,0.74377,0.79932,0.79836,0.48851,1.08933,2.36344,0.98696,1.10078,0.00110108,0.00110108,0.00110108
229,120.306,0.80667,1.28883,0.65446,0.92075,0.74377,0.79932,0.80293,0.54786,0.74377,0.79932,0.79836,0.48851,1.08933,2.36344,0.98696,1.10078,0.00109712,0.00109712,0.00109712
230,120.845,0.71539,1.00981,0.62737,0.87776,0.74377,0.79932,0.80293,0.54786,0.74377,0.79932,0.79836,0.48851,1.08933,2.36344,0.98696,1.10078,0.00109316,0.00109316,0.00109316
231,121.398,0.71682,0.93486,0.62047,0.88383,0.74377,0.79932,0.80293,0.54786,0.74377,0.79932,0.79836,0.48851,1.08933,2.36344,0.98696,1.10078,0.0010892,0.0010892,0.0010892
232,121.936,0.70754,1.00756,0.62843,0.88743,0.72786,0.81405,0.82685,0.56853,0.72786,0.81405,0.81102,0.51797,1.09631,2.25233,0.9833,1.10003,0.00108524,0.00108524,0.00108524
233,122.444,0.70753,1.00606,0.6421,0.90235,0.72786,0.81405,0.82685,0.56853,0.72786,0.81405,0.81102,0.51797,1.09631,2.25233,0.9833,1.10003,0.00108128,0.00108128,0.00108128
234,122.972,0.65931,0.92779,0.6056,0.86351,0.72786,0.81405,0.82685,0.56853,0.72786,0.81405,0.81102,0.51797,1.09631,2.25233,0.9833,1.10003,0.00107732,0.00107732,0.00107732
235,123.492,0.71042,0.99182,0.63112,0.89937,0.72786,0.81405,0.82685,0.56853,0.72786,0.81405,0.81102,0.51797,1.09631,2.25233,0.9833,1.10003,0.00107336,0.00107336,0.00107336
236,124.027,0.71063,1.16113,0.67326,0.90676,0.70624,0.81159,0.82307,0.57287,0.70624,0.81159,0.80879,0.518,1.12385,2.28307,0.99848,1.12219,0.0010694,0.0010694,0.0010694
237,124.562,0.72311,0.95407,0.64794,0.90772,0.70624,0.81159,0.82307,0.57287,0.70624,0.81159,0.80879,0.518,1.12385,2.28307,0.99848,1.12219,0.00106544,0.00106544,0.00106544
238,125.11,0.82833,1.33085,0.70344,0.92122,0.70624,0.81159,0.82307,0.57287,0.70624,0.81159,0.80879,0.518,1.12385,2.28307,0.99848,1.12219,0.00106148,0.00106148,0.00106148
239,125.671,0.71468,0.9495,0.62105,0.89586,0.70624,0.81159,0.82307,0.57287,0.70624,0.81159,0.80879,0.518,1.12385,2.28307,0.99848,1.12219,0.00105752,0.00105752,0.00105752
240,126.219,0.66882,0.85937,0.60285,0.89086,0.78843,0.73913,0.8041,0.54424,0.76072,0.73721,0.77273,0.48716,1.13197,2.32548,1.05287,1.12908,0.00105356,0.00105356,0.00105356
241,126.719,0.59639,0.82093,0.57854,0.84951,0.78843,0.73913,0.8041,0.54424,0.76072,0.73721,0.77273,0.48716,1.13197,2.32548,1.05287,1.12908,0.0010496,0.0010496,0.0010496
242,127.148,0.6988,0.97939,0.62674,0.86412,0.78843,0.73913,0.8041,0.54424,0.76072,0.73721,0.77273,0.48716,1.13197,2.32548,1.05287,1.12908,0.00104564,0.00104564,0.00104564
243,127.907,0.71757,1.0821,0.69337,0.8814,0.78843,0.73913,0.8041,0.54424,0.76072,0.73721,0.77273,0.48716,1.13197,2.32548,1.05287,1.12908,0.00104168,0.00104168,0.00104168
244,128.372,0.66043,0.84997,0.60481,0.87037,0.78068,0.71014,0.79179,0.52948,0.75312,0.71014,0.77164,0.487,1.17441,2.29892,1.07835,1.14038,0.00103772,0.00103772,0.00103772
245,128.806,0.77429,1.11682,0.64041,0.91451,0.78068,0.71014,0.79179,0.52948,0.75312,0.71014,0.77164,0.487,1.17441,2.29892,1.07835,1.14038,0.00103376,0.00103376,0.00103376
246,129.268,0.62707,0.77366,0.60215,0.87681,0.78068,0.71014,0.79179,0.52948,0.75312,0.71014,0.77164,0.487,1.17441,2.29892,1.07835,1.14038,0.0010298,0.0010298,0.0010298
247,129.701,0.59652,0.73856,0.58829,0.88121,0.78068,0.71014,0.79179,0.52948,0.75312,0.71014,0.77164,0.487,1.17441,2.29892,1.07835,1.14038,0.00102584,0.00102584,0.00102584
248,130.178,0.65833,0.87989,0.57598,0.85391,0.78036,0.82391,0.81218,0.53276,0.76678,0.81005,0.80183,0.49566,1.15663,2.21095,1.0254,1.12331,0.00102188,0.00102188,0.00102188
249,130.632,0.65313,0.88473,0.62159,0.86915,0.78036,0.82391,0.81218,0.53276,0.76678,0.81005,0.80183,0.49566,1.15663,2.21095,1.0254,1.12331,0.00101792,0.00101792,0.00101792
250,131.072,0.62297,0.82594,0.61774,0.88976,0.78036,0.82391,0.81218,0.53276,0.76678,0.81005,0.80183,0.49566,1.15663,2.21095,1.0254,1.12331,0.00101396,0.00101396,0.00101396
251,131.506,0.67042,0.96876,0.62634,0.90777,0.78036,0.82391,0.81218,0.53276,0.76678,0.81005,0.80183,0.49566,1.15663,2.21095,1.0254,1.12331,0.00101,0.00101,0.00101
252,131.985,0.69428,0.95974,0.64002,0.85197,0.78957,0.76138,0.81912,0.56262,0.78957,0.76138,0.81305,0.50343,1.12214,2.04251,0.97305,1.11602,0.00100604,0.00100604,0.00100604
253,132.456,0.66224,1.01629,0.62605,0.87645,0.78957,0.76138,0.81912,0.56262,0.78957,0.76138,0.81305,0.50343,1.12214,2.04251,0.97305,1.11602,0.00100208,0.00100208,0.00100208
254,132.886,0.67787,0.92653,0.59301,0.87392,0.78957,0.76138,0.81912,0.56262,0.78957,0.76138,0.81305,0.50343,1.12214,2.04251,0.97305,1.11602,0.00099812,0.00099812,0.00099812
255,133.327,0.70357,0.93733,0.60075,0.87146,0.78957,0.76138,0.81912,0.56262,0.78957,0.76138,0.81305,0.50343,1.12214,2.04251,0.97305,1.11602,0.00099416,0.00099416,0.00099416
256,133.799,0.64774,0.84234,0.65592,0.93813,0.79317,0.76812,0.81493,0.55982,0.79317,0.76812,0.815,0.49698,1.09034,2.02402,0.95519,1.1046,0.0009902,0.0009902,0.0009902
257,134.244,0.68025,1.04735,0.62568,0.93831,0.79317,0.76812,0.81493,0.55982,0.79317,0.76812,0.815,0.49698,1.09034,2.02402,0.95519,1.1046,0.00098624,0.00098624,0.00098624
258,134.674,0.70567,1.07769,0.7065,0.908,0.79317,0.76812,0.81493,0.55982,0.79317,0.76812,0.815,0.49698,1.09034,2.02402,0.95519,1.1046,0.00098228,0.00098228,0.00098228
259,135.214,0.58756,0.70279,0.56413,0.88138,0.79317,0.76812,0.81493,0.55982,0.79317,0.76812,0.815,0.49698,1.09034,2.02402,0.95519,1.1046,0.00097832,0.00097832,0.00097832
260,135.696,0.6828,0.97584,0.60581,0.91312,0.82835,0.78261,0.80034,0.55878,0.82835,0.78261,0.79855,0.50592,1.07677,2.05385,0.96052,1.0896,0.00097436,0.00097436,0.00097436
261,136.167,0.75009,1.09964,0.61559,0.88483,0.82835,0.78261,0.80034,0.55878,0.82835,0.78261,0.79855,0.50592,1.07677,2.05385,0.96052,1.0896,0.0009704,0.0009704,0.0009704
262,136.628,0.5902,0.77314,0.58908,0.87804,0.82835,0.78261,0.80034,0.55878,0.82835,0.78261,0.79855,0.50592,1.07677,2.05385,0.96052,1.0896,0.00096644,0.00096644,0.00096644
263,137.102,0.5538,0.77275,0.55565,0.8885,0.82835,0.78261,0.80034,0.55878,0.82835,0.78261,0.79855,0.50592,1.07677,2.05385,0.96052,1.0896,0.00096248,0.00096248,0.00096248
264,137.593,0.58581,0.81506,0.55843,0.86462,0.81222,0.75227,0.78471,0.55804,0.81134,0.74799,0.77331,0.50652,1.06428,1.98409,1.02262,1.08734,0.00095852,0.00095852,0.00095852
265,138.064,0.59478,0.8244,0.58608,0.88585,0.81222,0.75227,0.78471,0.55804,0.81134,0.74799,0.77331,0.50652,1.06428,1.98409,1.02262,1.08734,0.00095456,0.00095456,0.00095456
266,138.533,0.66056,0.94638,0.57233,0.89784,0.81222,0.75227,0.78471,0.55804,0.81134,0.74799,0.77331,0.50652,1.06428,1.98409,1.02262,1.08734,0.0009506,0.0009506,0.0009506
267,138.952,0.59565,0.80578,0.69898,0.9066,0.81222,0.75227,0.78471,0.55804,0.81134,0.74799,0.77331,0.50652,1.06428,1.98409,1.02262,1.08734,0.00094664,0.00094664,0.00094664
268,139.415,0.63147,0.86859,0.59184,0.89288,0.80278,0.71014,0.77425,0.54942,0.80278,0.71014,0.76565,0.50318,1.06237,1.97288,1.06105,1.06817,0.00094268,0.00094268,0.00094268
269,139.884,0.54368,0.70244,0.56845,0.87804,0.80278,0.71014,0.77425,0.54942,0.80278,0.71014,0.76565,0.50318,1.06237,1.97288,1.06105,1.06817,0.00093872,0.00093872,0.00093872
270,140.348,0.63932,0.87741,0.58541,0.88632,0.80278,0.71014,0.77425,0.54942,0.80278,0.71014,0.76565,0.50318,1.06237,1.97288,1.06105,1.06817,0.00093476,0.00093476,0.00093476
271,140.806,0.59862,0.72773,0.55253,0.85635,0.80278,0.71014,0.77425,0.54942,0.80278,0.71014,0.76565,0.50318,1.06237,1.97288,1.06105,1.06817,0.0009308,0.0009308,0.0009308
272,141.262,0.61359,0.89255,0.58786,0.91356,0.65796,0.73913,0.74043,0.51455,0.6868,0.66738,0.73595,0.45218,1.05611,2.05512,1.11671,1.06044,0.00092684,0.00092684,0.00092684
273,141.693,0.58155,0.90892,0.58668,0.89117,0.65796,0.73913,0.74043,0.51455,0.6868,0.66738,0.73595,0.45218,1.05611,2.05512,1.11671,1.06044,0.00092288,0.00092288,0.00092288
274,142.145,0.68661,0.96364,0.64595,0.88109,0.65796,0.73913,0.74043,0.51455,0.6868,0.66738,0.73595,0.45218,1.05611,2.05512,1.11671,1.06044,0.00091892,0.00091892,0.00091892
275,142.597,0.64631,0.87718,0.65956,0.8754,0.65796,0.73913,0.74043,0.51455,0.6868,0.66738,0.73595,0.45218,1.05611,2.05512,1.11671,1.06044,0.00091496,0.00091496,0.00091496
276,143.049,0.68196,1.07399,0.623,0.97925,0.67243,0.68116,0.70768,0.49797,0.67243,0.68116,0.70977,0.41556,1.08651,2.20946,1.16264,1.07559,0.000911,0.000911,0.000911
277,143.495,0.60669,0.90979,0.604,0.87205,0.67243,0.68116,0.70768,0.49797,0.67243,0.68116,0.70977,0.41556,1.08651,2.20946,1.16264,1.07559,0.00090704,0.00090704,0.00090704
278,143.968,0.71766,1.10872,0.73376,0.8936,0.67243,0.68116,0.70768,0.49797,0.67243,0.68116,0.70977,0.41556,1.08651,2.20946,1.16264,1.07559,0.00090308,0.00090308,0.00090308
279,144.411,0.59673,0.84855,0.56664,0.89413,0.67243,0.68116,0.70768,0.49797,0.67243,0.68116,0.70977,0.41556,1.08651,2.20946,1.16264,1.07559,0.00089912,0.00089912,0.00089912
280,144.889,0.58421,0.71744,0.54365,0.85946,0.73946,0.68116,0.76004,0.5218,0.71216,0.71719,0.74753,0.4422,1.09456,2.18094,1.09899,1.09366,0.00089516,0.00089516,0.00089516
281,145.351,0.67432,0.99865,0.64558,0.85656,0.73946,0.68116,0.76004,0.5218,0.71216,0.71719,0.74753,0.4422,1.09456,2.18094,1.09899,1.09366,0.0008912,0.0008912,0.0008912
282,145.784,0.6458,0.82796,0.63232,0.92566,0.73946,0.68116,0.76004,0.5218,0.71216,0.71719,0.74753,0.4422,1.09456,2.18094,1.09899,1.09366,0.00088724,0.00088724,0.00088724
283,146.224,0.55907,0.72394,0.56642,0.87374,0.73946,0.68116,0.76004,0.5218,0.71216,0.71719,0.74753,0.4422,1.09456,2.18094,1.09899,1.09366,0.00088328,0.00088328,0.00088328
284,146.72,0.64821,0.89586,0.577,0.87918,0.75391,0.71014,0.79605,0.55134,0.75391,0.71014,0.79245,0.45269,1.07285,2.12073,1.03202,1.08159,0.00087932,0.00087932,0.00087932
285,147.229,0.60417,0.84279,0.61665,0.8547,0.75391,0.71014,0.79605,0.55134,0.75391,0.71014,0.79245,0.45269,1.07285,2.12073,1.03202,1.08159,0.00087536,0.00087536,0.00087536
286,147.707,0.61925,0.86054,0.57404,0.8643,0.75391,0.71014,0.79605,0.55134,0.75391,0.71014,0.79245,0.45269,1.07285,2.12073,1.03202,1.08159,0.0008714,0.0008714,0.0008714
287,148.138,0.6049,0.78665,0.60543,0.87751,0.75391,0.71014,0.79605,0.55134,0.75391,0.71014,0.79245,0.45269,1.07285,2.12073,1.03202,1.08159,0.00086744,0.00086744,0.00086744
288,148.629,0.55643,0.6978,0.53311,0.84334,0.68153,0.86957,0.79711,0.57076,0.68704,0.88406,0.80726,0.48401,1.05325,2.03753,1.0095,1.06699,0.00086348,0.00086348,0.00086348
289,149.135,0.57866,0.73255,0.54566,0.87309,0.68153,0.86957,0.79711,0.57076,0.68704,0.88406,0.80726,0.48401,1.05325,2.03753,1.0095,1.06699,0.00085952,0.00085952,0.00085952
290,149.628,0.69174,0.96999,0.6019,0.90632,0.68153,0.86957,0.79711,0.57076,0.68704,0.88406,0.80726,0.48401,1.05325,2.03753,1.0095,1.06699,0.00085556,0.00085556,0.00085556
291,150.099,0.55044,0.71705,0.54729,0.86766,0.68153,0.86957,0.79711,0.57076,0.68704,0.88406,0.80726,0.48401,1.05325,2.03753,1.0095,1.06699,0.0008516,0.0008516,0.0008516
292,150.724,0.63245,0.93548,0.57801,0.87779,0.73089,0.86599,0.81093,0.56454,0.72171,0.85507,0.80827,0.50092,1.04686,1.97053,1.02269,1.06859,0.00084764,0.00084764,0.00084764
293,151.3,0.59156,0.8054,0.5434,0.8647,0.73089,0.86599,0.81093,0.56454,0.72171,0.85507,0.80827,0.50092,1.04686,1.97053,1.02269,1.06859,0.00084368,0.00084368,0.00084368
294,151.798,0.59516,0.94524,0.57244,0.87932,0.73089,0.86599,0.81093,0.56454,0.72171,0.85507,0.80827,0.50092,1.04686,1.97053,1.02269,1.06859,0.00083972,0.00083972,0.00083972
295,152.463,0.64651,0.9178,0.6224,0.90574,0.73089,0.86599,0.81093,0.56454,0.72171,0.85507,0.80827,0.50092,1.04686,1.97053,1.02269,1.06859,0.00083576,0.00083576,0.00083576
296,153.015,0.60387,0.82569,0.56341,0.8548,0.68993,0.87071,0.79155,0.54758,0.69448,0.91304,0.79346,0.48727,1.07451,2.05387,1.03004,1.08349,0.0008318,0.0008318,0.0008318
297,153.7,0.75822,1.15914,0.61204,0.88009,0.68993,0.87071,0.79155,0.54758,0.69448,0.91304,0.79346,0.48727,1.07451,2.05387,1.03004,1.08349,0.00082784,0.00082784,0.00082784
298,154.359,0.54817,0.80099,0.55514,0.84876,0.68993,0.87071,0.79155,0.54758,0.69448,0.91304,0.79346,0.48727,1.07451,2.05387,1.03004,1.08349,0.00082388,0.00082388,0.00082388
299,155.034,0.60113,0.88097,0.6102,0.88273,0.68993,0.87071,0.79155,0.54758,0.69448,0.91304,0.79346,0.48727,1.07451,2.05387,1.03004,1.08349,0.00081992,0.00081992,0.00081992
300,155.609,0.64269,1.0296,0.5781,0.88323,0.70709,0.88406,0.77981,0.53487,0.6955,0.86957,0.77545,0.4684,1.10355,2.13318,1.04481,1.09748,0.00081596,0.00081596,0.00081596
301,156.297,0.52987,0.65352,0.50484,0.86444,0.70709,0.88406,0.77981,0.53487,0.6955,0.86957,0.77545,0.4684,1.10355,2.13318,1.04481,1.09748,0.000812,0.000812,0.000812
302,156.94,0.74117,1.199,0.60748,0.89069,0.70709,0.88406,0.77981,0.53487,0.6955,0.86957,0.77545,0.4684,1.10355,2.13318,1.04481,1.09748,0.00080804,0.00080804,0.00080804
303,157.676,0.59527,0.8397,0.57024,0.87226,0.70709,0.88406,0.77981,0.53487,0.6955,0.86957,0.77545,0.4684,1.10355,2.13318,1.04481,1.09748,0.00080408,0.00080408,0.00080408
304,158.202,0.64662,0.85768,0.58742,0.85034,0.71197,0.82398,0.75821,0.50927,0.68886,0.84058,0.74828,0.46614,1.12238,2.29469,1.06574,1.10014,0.00080012,0.00080012,0.00080012
305,158.918,0.62218,0.84855,0.58715,0.84455,0.71197,0.82398,0.75821,0.50927,0.68886,0.84058,0.74828,0.46614,1.12238,2.29469,1.06574,1.10014,0.00079616,0.00079616,0.00079616
306,159.375,0.61409,0.81136,0.59919,0.89713,0.71197,0.82398,0.75821,0.50927,0.68886,0.84058,0.74828,0.46614,1.12238,2.29469,1.06574,1.10014,0.0007922,0.0007922,0.0007922
307,159.821,0.58923,0.7621,0.54689,0.88199,0.71197,0.82398,0.75821,0.50927,0.68886,0.84058,0.74828,0.46614,1.12238,2.29469,1.06574,1.10014,0.00078824,0.00078824,0.00078824
308,160.302,0.68323,1.05405,0.6175,0.89249,0.7064,0.78261,0.72888,0.49877,0.72096,0.7971,0.7291,0.43493,1.12124,2.33561,1.08348,1.10354,0.00078428,0.00078428,0.00078428
309,160.724,0.56853,0.6957,0.58906,0.88404,0.7064,0.78261,0.72888,0.49877,0.72096,0.7971,0.7291,0.43493,1.12124,2.33561,1.08348,1.10354,0.00078032,0.00078032,0.00078032
310,161.168,0.65425,0.81366,0.59775,0.87229,0.7064,0.78261,0.72888,0.49877,0.72096,0.7971,0.7291,0.43493,1.12124,2.33561,1.08348,1.10354,0.00077636,0.00077636,0.00077636
311,161.631,0.67134,0.91407,0.56724,0.88102,0.7064,0.78261,0.72888,0.49877,0.72096,0.7971,0.7291,0.43493,1.12124,2.33561,1.08348,1.10354,0.0007724,0.0007724,0.0007724
312,162.088,0.57263,0.78492,0.52439,0.86869,0.68234,0.76812,0.72531,0.49115,0.67778,0.75362,0.70282,0.42068,1.10679,2.36573,1.0957,1.09937,0.00076844,0.00076844,0.00076844
313,162.551,0.56687,0.7599,0.55494,0.8361,0.68234,0.76812,0.72531,0.49115,0.67778,0.75362,0.70282,0.42068,1.10679,2.36573,1.0957,1.09937,0.00076448,0.00076448,0.00076448
314,162.981,0.66153,1.02306,0.55996,0.87099,0.68234,0.76812,0.72531,0.49115,0.67778,0.75362,0.70282,0.42068,1.10679,2.36573,1.0957,1.09937,0.00076052,0.00076052,0.00076052
315,163.462,0.53464,0.66252,0.53579,0.85916,0.68234,0.76812,0.72531,0.49115,0.67778,0.75362,0.70282,0.42068,1.10679,2.36573,1.0957,1.09937,0.00075656,0.00075656,0.00075656
316,163.936,0.63833,0.8115,0.5762,0.856,0.67228,0.76812,0.73073,0.49389,0.67228,0.76812,0.71152,0.42853,1.10567,2.27068,1.08638,1.10572,0.0007526,0.0007526,0.0007526
317,164.404,0.67904,1.01546,0.69387,0.87,0.67228,0.76812,0.73073,0.49389,0.67228,0.76812,0.71152,0.42853,1.10567,2.27068,1.08638,1.10572,0.00074864,0.00074864,0.00074864
318,164.831,0.57014,0.80422,0.59926,0.88044,0.67228,0.76812,0.73073,0.49389,0.67228,0.76812,0.71152,0.42853,1.10567,2.27068,1.08638,1.10572,0.00074468,0.00074468,0.00074468
319,165.297,0.56405,0.72398,0.52838,0.85407,0.67228,0.76812,0.73073,0.49389,0.67228,0.76812,0.71152,0.42853,1.10567,2.27068,1.08638,1.10572,0.00074072,0.00074072,0.00074072
320,165.763,0.6209,0.90614,0.62545,0.87056,0.67901,0.76644,0.76314,0.52278,0.69185,0.78094,0.73163,0.45613,1.09968,2.18139,1.06128,1.10444,0.00073676,0.00073676,0.00073676
321,166.224,0.5264,0.71075,0.51268,0.8292,0.67901,0.76644,0.76314,0.52278,0.69185,0.78094,0.73163,0.45613,1.09968,2.18139,1.06128,1.10444,0.0007328,0.0007328,0.0007328
322,166.716,0.5417,0.69457,0.53353,0.84625,0.67901,0.76644,0.76314,0.52278,0.69185,0.78094,0.73163,0.45613,1.09968,2.18139,1.06128,1.10444,0.00072884,0.00072884,0.00072884
323,167.195,0.76783,1.30288,0.65401,0.88487,0.67901,0.76644,0.76314,0.52278,0.69185,0.78094,0.73163,0.45613,1.09968,2.18139,1.06128,1.10444,0.00072488,0.00072488,0.00072488
324,167.682,0.72699,1.10219,0.64817,0.93687,0.72187,0.71014,0.76723,0.54381,0.68819,0.78261,0.74497,0.49615,1.09927,2.1131,1.0396,1.09819,0.00072092,0.00072092,0.00072092
325,168.14,0.57155,0.76452,0.53952,0.86636,0.72187,0.71014,0.76723,0.54381,0.68819,0.78261,0.74497,0.49615,1.09927,2.1131,1.0396,1.09819,0.00071696,0.00071696,0.00071696
326,168.58,0.60205,0.81913,0.57479,0.89874,0.72187,0.71014,0.76723,0.54381,0.68819,0.78261,0.74497,0.49615,1.09927,2.1131,1.0396,1.09819,0.000713,0.000713,0.000713
327,169.031,0.5182,0.65927,0.50984,0.83775,0.72187,0.71014,0.76723,0.54381,0.68819,0.78261,0.74497,0.49615,1.09927,2.1131,1.0396,1.09819,0.00070904,0.00070904,0.00070904
328,169.508,0.50718,0.65521,0.50766,0.83396,0.68025,0.77083,0.77679,0.57254,0.69378,0.7881,0.76791,0.51017,1.08191,2.09124,1.03689,1.08743,0.00070508,0.00070508,0.00070508
329,169.998,0.63742,0.88362,0.57921,0.85698,0.68025,0.77083,0.77679,0.57254,0.69378,0.7881,0.76791,0.51017,1.08191,2.09124,1.03689,1.08743,0.00070112,0.00070112,0.00070112
330,170.475,0.61381,0.87215,0.60431,0.83544,0.68025,0.77083,0.77679,0.57254,0.69378,0.7881,0.76791,0.51017,1.08191,2.09124,1.03689,1.08743,0.00069716,0.00069716,0.00069716
331,170.938,0.51005,0.6205,0.51123,0.85149,0.68025,0.77083,0.77679,0.57254,0.69378,0.7881,0.76791,0.51017,1.08191,2.09124,1.03689,1.08743,0.0006932,0.0006932,0.0006932
332,171.423,0.57316,0.73761,0.5567,0.89284,0.76017,0.73504,0.793,0.5756,0.76091,0.73801,0.79227,0.52647,1.07076,2.0177,0.99768,1.07512,0.00068924,0.00068924,0.00068924
333,171.945,0.69024,1.20144,0.59526,0.86049,0.76017,0.73504,0.793,0.5756,0.76091,0.73801,0.79227,0.52647,1.07076,2.0177,0.99768,1.07512,0.00068528,0.00068528,0.00068528
334,172.464,0.5561,0.851,0.5175,0.84064,0.76017,0.73504,0.793,0.5756,0.76091,0.73801,0.79227,0.52647,1.07076,2.0177,0.99768,1.07512,0.00068132,0.00068132,0.00068132
335,173.008,0.55652,0.75459,0.51384,0.83912,0.76017,0.73504,0.793,0.5756,0.76091,0.73801,0.79227,0.52647,1.07076,2.0177,0.99768,1.07512,0.00067736,0.00067736,0.00067736
336,173.628,0.52978,0.85841,0.54725,0.87975,0.83612,0.69565,0.80719,0.58053,0.74819,0.78261,0.80481,0.51833,1.08416,1.959,0.96873,1.08033,0.0006734,0.0006734,0.0006734
337,174.079,0.59576,0.78511,0.57048,0.83127,0.83612,0.69565,0.80719,0.58053,0.74819,0.78261,0.80481,0.51833,1.08416,1.959,0.96873,1.08033,0.00066944,0.00066944,0.00066944
338,174.545,0.48339,0.66017,0.51057,0.84357,0.83612,0.69565,0.80719,0.58053,0.74819,0.78261,0.80481,0.51833,1.08416,1.959,0.96873,1.08033,0.00066548,0.00066548,0.00066548
339,175.049,0.67359,1.09052,0.58248,0.8891,0.83612,0.69565,0.80719,0.58053,0.74819,0.78261,0.80481,0.51833,1.08416,1.959,0.96873,1.08033,0.00066152,0.00066152,0.00066152
340,175.523,0.58363,0.78608,0.57181,0.84981,0.78225,0.72893,0.80906,0.58173,0.81531,0.70381,0.80386,0.52016,1.09624,1.94415,0.96511,1.08605,0.00065756,0.00065756,0.00065756
341,176.035,0.62993,0.96038,0.5846,0.90399,0.78225,0.72893,0.80906,0.58173,0.81531,0.70381,0.80386,0.52016,1.09624,1.94415,0.96511,1.08605,0.0006536,0.0006536,0.0006536
342,176.599,0.59411,0.8625,0.61093,0.86148,0.78225,0.72893,0.80906,0.58173,0.81531,0.70381,0.80386,0.52016,1.09624,1.94415,0.96511,1.08605,0.00064964,0.00064964,0.00064964
343,177.103,0.50744,0.70299,0.53571,0.86396,0.78225,0.72893,0.80906,0.58173,0.81531,0.70381,0.80386,0.52016,1.09624,1.94415,0.96511,1.08605,0.00064568,0.00064568,0.00064568
344,177.676,0.58184,0.75892,0.5694,0.8776,0.83943,0.71014,0.81394,0.5893,0.73949,0.78261,0.8136,0.52768,1.06778,1.93881,0.94203,1.07366,0.00064172,0.00064172,0.00064172
345,178.218,0.59656,0.8912,0.52741,0.85433,0.83943,0.71014,0.81394,0.5893,0.73949,0.78261,0.8136,0.52768,1.06778,1.93881,0.94203,1.07366,0.00063776,0.00063776,0.00063776
346,178.749,0.55311,0.70505,0.52434,0.85276,0.83943,0.71014,0.81394,0.5893,0.73949,0.78261,0.8136,0.52768,1.06778,1.93881,0.94203,1.07366,0.0006338,0.0006338,0.0006338
347,179.283,0.66786,0.89401,0.59257,0.86635,0.83943,0.71014,0.81394,0.5893,0.73949,0.78261,0.8136,0.52768,1.06778,1.93881,0.94203,1.07366,0.00062984,0.00062984,0.00062984
348,179.837,0.5423,0.71961,0.51409,0.85678,0.80681,0.71014,0.81503,0.58614,0.80681,0.71014,0.80286,0.52289,1.05277,1.9978,0.94565,1.06933,0.00062588,0.00062588,0.00062588
349,180.27,0.54498,0.67823,0.49762,0.87324,0.80681,0.71014,0.81503,0.58614,0.80681,0.71014,0.80286,0.52289,1.05277,1.9978,0.94565,1.06933,0.00062192,0.00062192,0.00062192
350,180.76,0.57169,0.80152,0.56634,0.89703,0.80681,0.71014,0.81503,0.58614,0.80681,0.71014,0.80286,0.52289,1.05277,1.9978,0.94565,1.06933,0.00061796,0.00061796,0.00061796
351,181.208,0.64661,0.91466,0.56222,0.84245,0.80681,0.71014,0.81503,0.58614,0.80681,0.71014,0.80286,0.52289,1.05277,1.9978,0.94565,1.06933,0.000614,0.000614,0.000614
352,181.718,0.54915,0.77413,0.56888,0.86409,0.80768,0.73041,0.81497,0.58699,0.80768,0.73041,0.80432,0.52338,1.05201,2.06937,0.94662,1.07537,0.00061004,0.00061004,0.00061004
353,182.51,0.60355,0.81216,0.53969,0.87996,0.80768,0.73041,0.81497,0.58699,0.80768,0.73041,0.80432,0.52338,1.05201,2.06937,0.94662,1.07537,0.00060608,0.00060608,0.00060608
354,183.016,0.53731,0.7404,0.51625,0.82406,0.80768,0.73041,0.81497,0.58699,0.80768,0.73041,0.80432,0.52338,1.05201,2.06937,0.94662,1.07537,0.00060212,0.00060212,0.00060212
355,183.486,0.58753,0.85378,0.54317,0.88071,0.80768,0.73041,0.81497,0.58699,0.80768,0.73041,0.80432,0.52338,1.05201,2.06937,0.94662,1.07537,0.00059816,0.00059816,0.00059816
356,183.937,0.58322,0.89479,0.55092,0.89332,0.82228,0.73764,0.81406,0.59448,0.82228,0.73764,0.80412,0.5034,1.04767,2.12538,0.95079,1.07332,0.0005942,0.0005942,0.0005942
357,184.424,0.52111,0.70046,0.51818,0.85242,0.82228,0.73764,0.81406,0.59448,0.82228,0.73764,0.80412,0.5034,1.04767,2.12538,0.95079,1.07332,0.00059024,0.00059024,0.00059024
358,184.87,0.53003,0.67737,0.48528,0.84217,0.82228,0.73764,0.81406,0.59448,0.82228,0.73764,0.80412,0.5034,1.04767,2.12538,0.95079,1.07332,0.00058628,0.00058628,0.00058628
359,185.34,0.55765,0.77124,0.54309,0.8639,0.82228,0.73764,0.81406,0.59448,0.82228,0.73764,0.80412,0.5034,1.04767,2.12538,0.95079,1.07332,0.00058232,0.00058232,0.00058232
360,185.814,0.52989,0.71236,0.49871,0.83854,0.83551,0.73619,0.8002,0.58615,0.83551,0.73619,0.80518,0.50304,1.05657,2.11433,0.95818,1.08182,0.00057836,0.00057836,0.00057836
361,186.259,0.59825,0.89748,0.55968,0.87842,0.83551,0.73619,0.8002,0.58615,0.83551,0.73619,0.80518,0.50304,1.05657,2.11433,0.95818,1.08182,0.0005744,0.0005744,0.0005744
362,186.738,0.71463,1.11795,0.60695,0.88168,0.83551,0.73619,0.8002,0.58615,0.83551,0.73619,0.80518,0.50304,1.05657,2.11433,0.95818,1.08182,0.00057044,0.00057044,0.00057044
363,187.188,0.6711,1.04147,0.58484,0.84852,0.83551,0.73619,0.8002,0.58615,0.83551,0.73619,0.80518,0.50304,1.05657,2.11433,0.95818,1.08182,0.00056648,0.00056648,0.00056648
364,187.759,0.59085,0.76671,0.55526,0.84589,0.85518,0.71014,0.79092,0.57988,0.8529,0.71014,0.79248,0.49957,1.04878,2.13132,0.97702,1.07426,0.00056252,0.00056252,0.00056252
365,188.244,0.5654,0.81644,0.51033,0.87602,0.85518,0.71014,0.79092,0.57988,0.8529,0.71014,0.79248,0.49957,1.04878,2.13132,0.97702,1.07426,0.00055856,0.00055856,0.00055856
366,188.678,0.50188,0.64214,0.48504,0.85718,0.85518,0.71014,0.79092,0.57988,0.8529,0.71014,0.79248,0.49957,1.04878,2.13132,0.97702,1.07426,0.0005546,0.0005546,0.0005546
367,189.13,0.55268,0.77069,0.50748,0.85829,0.85518,0.71014,0.79092,0.57988,0.8529,0.71014,0.79248,0.49957,1.04878,2.13132,0.97702,1.07426,0.00055064,0.00055064,0.00055064
368,189.588,0.56835,0.84698,0.55269,0.87898,0.83354,0.71014,0.78833,0.56843,0.82489,0.71014,0.78317,0.48585,1.085,2.19185,0.99974,1.0876,0.00054668,0.00054668,0.00054668
369,190.044,0.61342,0.97327,0.5605,0.85406,0.83354,0.71014,0.78833,0.56843,0.82489,0.71014,0.78317,0.48585,1.085,2.19185,0.99974,1.0876,0.00054272,0.00054272,0.00054272
370,190.488,0.47946,0.52683,0.47316,0.8364,0.83354,0.71014,0.78833,0.56843,0.82489,0.71014,0.78317,0.48585,1.085,2.19185,0.99974,1.0876,0.00053876,0.00053876,0.00053876
371,190.947,0.57933,0.74211,0.51985,0.82593,0.83354,0.71014,0.78833,0.56843,0.82489,0.71014,0.78317,0.48585,1.085,2.19185,0.99974,1.0876,0.0005348,0.0005348,0.0005348
372,191.403,0.61817,0.85335,0.53892,0.85541,0.8544,0.71014,0.79693,0.57677,0.80718,0.71014,0.79428,0.50867,1.0947,2.19059,0.99743,1.10007,0.00053084,0.00053084,0.00053084
373,191.874,0.58908,0.89305,0.52777,0.8665,0.8544,0.71014,0.79693,0.57677,0.80718,0.71014,0.79428,0.50867,1.0947,2.19059,0.99743,1.10007,0.00052688,0.00052688,0.00052688
374,192.352,0.56337,0.79581,0.53151,0.8342,0.8544,0.71014,0.79693,0.57677,0.80718,0.71014,0.79428,0.50867,1.0947,2.19059,0.99743,1.10007,0.00052292,0.00052292,0.00052292
375,192.825,0.58483,0.85911,0.55819,0.8436,0.8544,0.71014,0.79693,0.57677,0.80718,0.71014,0.79428,0.50867,1.0947,2.19059,0.99743,1.10007,0.00051896,0.00051896,0.00051896
376,193.33,0.56429,0.78274,0.54286,0.83702,0.77521,0.76812,0.79875,0.57981,0.77156,0.73913,0.77751,0.5042,1.05625,2.1109,1.0011,1.08689,0.000515,0.000515,0.000515
377,193.806,0.58781,0.86108,0.548,0.85448,0.77521,0.76812,0.79875,0.57981,0.77156,0.73913,0.77751,0.5042,1.05625,2.1109,1.0011,1.08689,0.00051104,0.00051104,0.00051104
378,194.31,0.56897,0.7357,0.65099,0.84109,0.77521,0.76812,0.79875,0.57981,0.77156,0.73913,0.77751,0.5042,1.05625,2.1109,1.0011,1.08689,0.00050708,0.00050708,0.00050708
379,194.776,0.56174,0.83851,0.51172,0.82991,0.77521,0.76812,0.79875,0.57981,0.77156,0.73913,0.77751,0.5042,1.05625,2.1109,1.0011,1.08689,0.00050312,0.00050312,0.00050312
380,195.257,0.53415,0.61886,0.52075,0.87588,0.75378,0.75429,0.78808,0.57348,0.77765,0.75362,0.77548,0.51434,1.0337,2.05169,1.01394,1.08044,0.00049916,0.00049916,0.00049916
381,195.745,0.55522,0.80329,0.51146,0.84308,0.75378,0.75429,0.78808,0.57348,0.77765,0.75362,0.77548,0.51434,1.0337,2.05169,1.01394,1.08044,0.0004952,0.0004952,0.0004952
382,196.192,0.45491,0.59304,0.47289,0.83963,0.75378,0.75429,0.78808,0.57348,0.77765,0.75362,0.77548,0.51434,1.0337,2.05169,1.01394,1.08044,0.00049124,0.00049124,0.00049124
383,196.679,0.49632,0.61857,0.48408,0.84378,0.75378,0.75429,0.78808,0.57348,0.77765,0.75362,0.77548,0.51434,1.0337,2.05169,1.01394,1.08044,0.00048728,0.00048728,0.00048728
384,197.167,0.66531,1.15254,0.54514,0.86447,0.74289,0.75375,0.78285,0.57801,0.77382,0.73913,0.77025,0.50449,1.01235,2.10044,1.0289,1.07336,0.00048332,0.00048332,0.00048332
385,197.652,0.52342,0.69881,0.50202,0.85232,0.74289,0.75375,0.78285,0.57801,0.77382,0.73913,0.77025,0.50449,1.01235,2.10044,1.0289,1.07336,0.00047936,0.00047936,0.00047936
386,198.117,0.4963,0.75451,0.56535,0.89577,0.74289,0.75375,0.78285,0.57801,0.77382,0.73913,0.77025,0.50449,1.01235,2.10044,1.0289,1.07336,0.0004754,0.0004754,0.0004754
387,198.594,0.55897,0.67517,0.53404,0.8296,0.74289,0.75375,0.78285,0.57801,0.77382,0.73913,0.77025,0.50449,1.01235,2.10044,1.0289,1.07336,0.00047144,0.00047144,0.00047144
388,199.103,0.49584,0.72369,0.51231,0.85313,0.81423,0.69878,0.78402,0.57659,0.77921,0.72464,0.77491,0.49645,1.01333,2.15697,1.02066,1.07667,0.00046748,0.00046748,0.00046748
389,199.573,0.56051,0.74852,0.51831,0.85743,0.81423,0.69878,0.78402,0.57659,0.77921,0.72464,0.77491,0.49645,1.01333,2.15697,1.02066,1.07667,0.00046352,0.00046352,0.00046352
390,200.061,0.5204,0.66985,0.50264,0.8504,0.81423,0.69878,0.78402,0.57659,0.77921,0.72464,0.77491,0.49645,1.01333,2.15697,1.02066,1.07667,0.00045956,0.00045956,0.00045956
391,200.519,0.55026,0.76103,0.52411,0.87082,0.81423,0.69878,0.78402,0.57659,0.77921,0.72464,0.77491,0.49645,1.01333,2.15697,1.02066,1.07667,0.0004556,0.0004556,0.0004556
392,200.991,0.56575,0.75248,0.51035,0.85037,0.79232,0.71883,0.80573,0.58482,0.80894,0.73635,0.78507,0.51175,1.00168,2.16051,0.99227,1.07462,0.00045164,0.00045164,0.00045164
393,201.461,0.58314,0.71715,0.51932,0.82957,0.79232,0.71883,0.80573,0.58482,0.80894,0.73635,0.78507,0.51175,1.00168,2.16051,0.99227,1.07462,0.00044768,0.00044768,0.00044768
394,201.952,0.43906,0.57074,0.4575,0.82358,0.79232,0.71883,0.80573,0.58482,0.80894,0.73635,0.78507,0.51175,1.00168,2.16051,0.99227,1.07462,0.00044372,0.00044372,0.00044372
395,202.424,0.58457,0.74005,0.54092,0.82719,0.79232,0.71883,0.80573,0.58482,0.80894,0.73635,0.78507,0.51175,1.00168,2.16051,0.99227,1.07462,0.00043976,0.00043976,0.00043976
396,202.92,0.54397,0.68418,0.55369,0.84364,0.76355,0.75362,0.82323,0.5853,0.77873,0.76812,0.80278,0.50105,1.00552,2.1312,0.98043,1.08123,0.0004358,0.0004358,0.0004358
397,203.379,0.49808,0.63652,0.49065,0.84183,0.76355,0.75362,0.82323,0.5853,0.77873,0.76812,0.80278,0.50105,1.00552,2.1312,0.98043,1.08123,0.00043184,0.00043184,0.00043184
398,203.844,0.53295,0.6805,0.48213,0.85034,0.76355,0.75362,0.82323,0.5853,0.77873,0.76812,0.80278,0.50105,1.00552,2.1312,0.98043,1.08123,0.00042788,0.00042788,0.00042788
399,204.294,0.54215,0.73407,0.50343,0.84669,0.76355,0.75362,0.82323,0.5853,0.77873,0.76812,0.80278,0.50105,1.00552,2.1312,0.98043,1.08123,0.00042392,0.00042392,0.00042392
400,204.778,0.5262,0.67119,0.49956,0.84831,0.80197,0.76812,0.82111,0.58825,0.79773,0.78261,0.8181,0.51511,1.0192,2.095,0.97521,1.08392,0.00041996,0.00041996,0.00041996
401,205.228,0.66335,0.99766,0.54606,0.88628,0.80197,0.76812,0.82111,0.58825,0.79773,0.78261,0.8181,0.51511,1.0192,2.095,0.97521,1.08392,0.000416,0.000416,0.000416
402,205.702,0.51623,0.7494,0.51265,0.86241,0.80197,0.76812,0.82111,0.58825,0.79773,0.78261,0.8181,0.51511,1.0192,2.095,0.97521,1.08392,0.00041204,0.00041204,0.00041204
403,206.179,0.5246,0.75011,0.49288,0.84618,0.80197,0.76812,0.82111,0.58825,0.79773,0.78261,0.8181,0.51511,1.0192,2.095,0.97521,1.08392,0.00040808,0.00040808,0.00040808
404,206.679,0.54235,0.79568,0.5263,0.84014,0.7867,0.72464,0.8257,0.59503,0.7986,0.74711,0.81883,0.52003,1.01206,2.03228,0.9583,1.08092,0.00040412,0.00040412,0.00040412
405,207.142,0.52369,0.75623,0.48204,0.8437,0.7867,0.72464,0.8257,0.59503,0.7986,0.74711,0.81883,0.52003,1.01206,2.03228,0.9583,1.08092,0.00040016,0.00040016,0.00040016
406,207.604,0.4858,0.69378,0.49202,0.83272,0.7867,0.72464,0.8257,0.59503,0.7986,0.74711,0.81883,0.52003,1.01206,2.03228,0.9583,1.08092,0.0003962,0.0003962,0.0003962
407,208.143,0.53796,0.73771,0.48095,0.83015,0.7867,0.72464,0.8257,0.59503,0.7986,0.74711,0.81883,0.52003,1.01206,2.03228,0.9583,1.08092,0.00039224,0.00039224,0.00039224
408,208.585,0.60138,0.94213,0.53317,0.87614,0.79454,0.72863,0.81678,0.60684,0.81034,0.74312,0.81529,0.5152,0.99494,2.00531,0.94073,1.06675,0.00038828,0.00038828,0.00038828
409,209.169,0.63592,0.87509,0.57785,0.84885,0.79454,0.72863,0.81678,0.60684,0.81034,0.74312,0.81529,0.5152,0.99494,2.00531,0.94073,1.06675,0.00038432,0.00038432,0.00038432
410,209.702,0.68897,1.10182,0.58953,0.88401,0.79454,0.72863,0.81678,0.60684,0.81034,0.74312,0.81529,0.5152,0.99494,2.00531,0.94073,1.06675,0.00038036,0.00038036,0.00038036
411,210.26,0.58079,0.90396,0.53394,0.85679,0.79454,0.72863,0.81678,0.60684,0.81034,0.74312,0.81529,0.5152,0.99494,2.00531,0.94073,1.06675,0.0003764,0.0003764,0.0003764
412,210.825,0.42872,0.58751,0.45871,0.83474,0.80799,0.71014,0.82133,0.61105,0.82448,0.72464,0.81611,0.53858,0.98512,2.01455,0.93398,1.06892,0.00037244,0.00037244,0.00037244
413,211.366,0.52137,0.73744,0.49309,0.85535,0.80799,0.71014,0.82133,0.61105,0.82448,0.72464,0.81611,0.53858,0.98512,2.01455,0.93398,1.06892,0.00036848,0.00036848,0.00036848
414,211.891,0.52838,0.72434,0.48891,0.83641,0.80799,0.71014,0.82133,0.61105,0.82448,0.72464,0.81611,0.53858,0.98512,2.01455,0.93398,1.06892,0.00036452,0.00036452,0.00036452
415,212.424,0.54072,0.8481,0.5156,0.85202,0.80799,0.71014,0.82133,0.61105,0.82448,0.72464,0.81611,0.53858,0.98512,2.01455,0.93398,1.06892,0.00036056,0.00036056,0.00036056
416,212.981,0.48526,0.66035,0.48716,0.84506,0.68687,0.86957,0.82959,0.61054,0.81459,0.72464,0.81128,0.53755,0.98662,2.01578,0.92289,1.06979,0.0003566,0.0003566,0.0003566
417,213.443,0.63578,1.04264,0.57633,0.85125,0.68687,0.86957,0.82959,0.61054,0.81459,0.72464,0.81128,0.53755,0.98662,2.01578,0.92289,1.06979,0.00035264,0.00035264,0.00035264
418,213.906,0.52643,0.70122,0.48784,0.83071,0.68687,0.86957,0.82959,0.61054,0.81459,0.72464,0.81128,0.53755,0.98662,2.01578,0.92289,1.06979,0.00034868,0.00034868,0.00034868
419,214.347,0.44649,0.54493,0.4771,0.84309,0.68687,0.86957,0.82959,0.61054,0.81459,0.72464,0.81128,0.53755,0.98662,2.01578,0.92289,1.06979,0.00034472,0.00034472,0.00034472
420,214.799,0.46787,0.6636,0.60531,0.87588,0.67916,0.86957,0.81724,0.6049,0.80467,0.72464,0.79728,0.52962,0.97792,2.00468,0.9312,1.0581,0.00034076,0.00034076,0.00034076
421,215.246,0.51599,0.7289,0.5045,0.86919,0.67916,0.86957,0.81724,0.6049,0.80467,0.72464,0.79728,0.52962,0.97792,2.00468,0.9312,1.0581,0.0003368,0.0003368,0.0003368
422,215.713,0.64783,0.90947,0.55895,0.86015,0.67916,0.86957,0.81724,0.6049,0.80467,0.72464,0.79728,0.52962,0.97792,2.00468,0.9312,1.0581,0.00033284,0.00033284,0.00033284
423,216.18,0.55118,0.72684,0.49864,0.84516,0.67916,0.86957,0.81724,0.6049,0.80467,0.72464,0.79728,0.52962,0.97792,2.00468,0.9312,1.0581,0.00032888,0.00032888,0.00032888
424,216.64,0.48588,0.60466,0.46486,0.8571,0.82333,0.69565,0.81773,0.59389,0.78165,0.72635,0.81506,0.53219,0.99047,2.01285,0.94222,1.06368,0.00032492,0.00032492,0.00032492
425,217.082,0.59323,0.88283,0.52417,0.84596,0.82333,0.69565,0.81773,0.59389,0.78165,0.72635,0.81506,0.53219,0.99047,2.01285,0.94222,1.06368,0.00032096,0.00032096,0.00032096
426,217.554,0.52446,0.68455,0.51256,0.83715,0.82333,0.69565,0.81773,0.59389,0.78165,0.72635,0.81506,0.53219,0.99047,2.01285,0.94222,1.06368,0.000317,0.000317,0.000317
427,218.109,0.50272,0.64255,0.47178,0.84419,0.82333,0.69565,0.81773,0.59389,0.78165,0.72635,0.81506,0.53219,0.99047,2.01285,0.94222,1.06368,0.00031304,0.00031304,0.00031304
428,218.605,0.54374,0.73039,0.52529,0.89582,0.84561,0.69565,0.81473,0.59304,0.84243,0.69565,0.81907,0.52784,0.98635,2.02996,0.94078,1.05663,0.00030908,0.00030908,0.00030908
429,219.043,0.47111,0.6148,0.46061,0.84094,0.84561,0.69565,0.81473,0.59304,0.84243,0.69565,0.81907,0.52784,0.98635,2.02996,0.94078,1.05663,0.00030512,0.00030512,0.00030512
430,219.826,0.58578,0.82383,0.54162,0.83804,0.84561,0.69565,0.81473,0.59304,0.84243,0.69565,0.81907,0.52784,0.98635,2.02996,0.94078,1.05663,0.00030116,0.00030116,0.00030116
431,220.513,0.58051,0.79965,0.5155,0.82151,0.84561,0.69565,0.81473,0.59304,0.84243,0.69565,0.81907,0.52784,0.98635,2.02996,0.94078,1.05663,0.0002972,0.0002972,0.0002972
432,221.103,0.52803,0.68575,0.49437,0.86335,0.84227,0.69565,0.81691,0.59431,0.84227,0.69565,0.8055,0.52903,0.98569,2.03329,0.93573,1.05124,0.00029324,0.00029324,0.00029324
433,221.768,0.4786,0.66049,0.48022,0.84578,0.84227,0.69565,0.81691,0.59431,0.84227,0.69565,0.8055,0.52903,0.98569,2.03329,0.93573,1.05124,0.00028928,0.00028928,0.00028928
434,222.485,0.56737,0.77627,0.54248,0.90853,0.84227,0.69565,0.81691,0.59431,0.84227,0.69565,0.8055,0.52903,0.98569,2.03329,0.93573,1.05124,0.00028532,0.00028532,0.00028532
435,223.153,0.47972,0.64226,0.48137,0.84857,0.84227,0.69565,0.81691,0.59431,0.84227,0.69565,0.8055,0.52903,0.98569,2.03329,0.93573,1.05124,0.00028136,0.00028136,0.00028136
436,223.889,0.53683,0.74761,0.52406,0.8415,0.84701,0.69565,0.8133,0.59025,0.72078,0.82307,0.80286,0.5343,0.98547,2.00478,0.93745,1.04971,0.0002774,0.0002774,0.0002774
437,224.572,0.51968,0.67677,0.48775,0.85114,0.84701,0.69565,0.8133,0.59025,0.72078,0.82307,0.80286,0.5343,0.98547,2.00478,0.93745,1.04971,0.00027344,0.00027344,0.00027344
438,225.267,0.51837,0.67617,0.48072,0.85752,0.84701,0.69565,0.8133,0.59025,0.72078,0.82307,0.80286,0.5343,0.98547,2.00478,0.93745,1.04971,0.00026948,0.00026948,0.00026948
439,226.298,0.57602,0.73869,0.55493,0.84928,0.84701,0.69565,0.8133,0.59025,0.72078,0.82307,0.80286,0.5343,0.98547,2.00478,0.93745,1.04971,0.00026552,0.00026552,0.00026552
440,227.009,0.59514,0.80593,0.55246,0.84651,0.72682,0.81159,0.82204,0.59911,0.73008,0.81159,0.80252,0.53115,0.97654,2.01767,0.9399,1.05126,0.00026156,0.00026156,0.00026156
441,227.713,0.46029,0.59166,0.46983,0.79652,0.72682,0.81159,0.82204,0.59911,0.73008,0.81159,0.80252,0.53115,0.97654,2.01767,0.9399,1.05126,0.0002576,0.0002576,0.0002576
442,228.195,0.47573,0.62002,0.50566,0.80768,0.72682,0.81159,0.82204,0.59911,0.73008,0.81159,0.80252,0.53115,0.97654,2.01767,0.9399,1.05126,0.00025364,0.00025364,0.00025364
443,228.892,0.55492,0.68285,0.49075,0.83783,0.72682,0.81159,0.82204,0.59911,0.73008,0.81159,0.80252,0.53115,0.97654,2.01767,0.9399,1.05126,0.00024968,0.00024968,0.00024968
444,229.6,0.51274,0.74074,0.48593,0.83465,0.7733,0.79105,0.82661,0.60228,0.78737,0.80505,0.80859,0.53297,0.97505,2.0222,0.9367,1.05353,0.00024572,0.00024572,0.00024572
445,230.139,0.61539,0.9843,0.54087,0.85301,0.7733,0.79105,0.82661,0.60228,0.78737,0.80505,0.80859,0.53297,0.97505,2.0222,0.9367,1.05353,0.00024176,0.00024176,0.00024176
446,230.582,0.47041,0.59779,0.48203,0.86317,0.7733,0.79105,0.82661,0.60228,0.78737,0.80505,0.80859,0.53297,0.97505,2.0222,0.9367,1.05353,0.0002378,0.0002378,0.0002378
447,231.053,0.53028,0.70542,0.50029,0.83471,0.7733,0.79105,0.82661,0.60228,0.78737,0.80505,0.80859,0.53297,0.97505,2.0222,0.9367,1.05353,0.00023384,0.00023384,0.00023384
448,231.512,0.49025,0.69059,0.47735,0.84303,0.7716,0.78338,0.82935,0.59892,0.7858,0.79752,0.81075,0.53866,0.98313,2.02554,0.93977,1.05993,0.00022988,0.00022988,0.00022988
449,231.956,0.4858,0.65446,0.45813,0.84983,0.7716,0.78338,0.82935,0.59892,0.7858,0.79752,0.81075,0.53866,0.98313,2.02554,0.93977,1.05993,0.00022592,0.00022592,0.00022592
450,232.407,0.4701,0.66548,0.46894,0.81967,0.7716,0.78338,0.82935,0.59892,0.7858,0.79752,0.81075,0.53866,0.98313,2.02554,0.93977,1.05993,0.00022196,0.00022196,0.00022196
451,232.868,0.52524,0.82344,0.51056,0.82805,0.7716,0.78338,0.82935,0.59892,0.7858,0.79752,0.81075,0.53866,0.98313,2.02554,0.93977,1.05993,0.000218,0.000218,0.000218
452,233.387,0.48704,0.61962,0.4968,0.84309,0.7721,0.78565,0.83762,0.60105,0.78635,0.80015,0.81232,0.53681,0.98675,2.04219,0.93145,1.0651,0.00021404,0.00021404,0.00021404
453,233.856,0.53057,0.8438,0.49588,0.84084,0.7721,0.78565,0.83762,0.60105,0.78635,0.80015,0.81232,0.53681,0.98675,2.04219,0.93145,1.0651,0.00021008,0.00021008,0.00021008
454,234.31,0.53207,0.71966,0.48609,0.83613,0.7721,0.78565,0.83762,0.60105,0.78635,0.80015,0.81232,0.53681,0.98675,2.04219,0.93145,1.0651,0.00020612,0.00020612,0.00020612
455,234.772,0.44371,0.57834,0.46579,0.83538,0.7721,0.78565,0.83762,0.60105,0.78635,0.80015,0.81232,0.53681,0.98675,2.04219,0.93145,1.0651,0.00020216,0.00020216,0.00020216
456,235.302,0.42904,0.52871,0.44402,0.83201,0.7745,0.78261,0.83721,0.59761,0.78885,0.7971,0.81224,0.53613,0.98344,2.02479,0.92709,1.06668,0.0001982,0.0001982,0.0001982
457,235.782,0.53147,0.61496,0.52917,0.82132,0.7745,0.78261,0.83721,0.59761,0.78885,0.7971,0.81224,0.53613,0.98344,2.02479,0.92709,1.06668,0.00019424,0.00019424,0.00019424
458,236.237,0.45465,0.563,0.47916,0.85901,0.7745,0.78261,0.83721,0.59761,0.78885,0.7971,0.81224,0.53613,0.98344,2.02479,0.92709,1.06668,0.00019028,0.00019028,0.00019028
459,236.702,0.42525,0.50859,0.47527,0.84238,0.7745,0.78261,0.83721,0.59761,0.78885,0.7971,0.81224,0.53613,0.98344,2.02479,0.92709,1.06668,0.00018632,0.00018632,0.00018632
460,237.2,0.5705,0.75015,0.56268,0.82687,0.76824,0.78261,0.82903,0.60027,0.78274,0.7971,0.80924,0.5381,1.00051,2.03933,0.93293,1.07632,0.00018236,0.00018236,0.00018236
461,237.67,0.51523,0.74686,0.47678,0.85392,0.76824,0.78261,0.82903,0.60027,0.78274,0.7971,0.80924,0.5381,1.00051,2.03933,0.93293,1.07632,0.0001784,0.0001784,0.0001784
462,238.154,0.46503,0.63348,0.47747,0.86841,0.76824,0.78261,0.82903,0.60027,0.78274,0.7971,0.80924,0.5381,1.00051,2.03933,0.93293,1.07632,0.00017444,0.00017444,0.00017444
463,238.634,0.52225,0.66865,0.49711,0.8481,0.76824,0.78261,0.82903,0.60027,0.78274,0.7971,0.80924,0.5381,1.00051,2.03933,0.93293,1.07632,0.00017048,0.00017048,0.00017048
464,239.125,0.58426,0.81289,0.53838,0.84447,0.76169,0.78751,0.83261,0.60322,0.77571,0.802,0.81504,0.53972,0.99187,2.05239,0.9324,1.06867,0.00016652,0.00016652,0.00016652
465,239.559,0.50511,0.66241,0.51241,0.85617,0.76169,0.78751,0.83261,0.60322,0.77571,0.802,0.81504,0.53972,0.99187,2.05239,0.9324,1.06867,0.00016256,0.00016256,0.00016256
466,240.027,0.43432,0.48825,0.44641,0.84137,0.76169,0.78751,0.83261,0.60322,0.77571,0.802,0.81504,0.53972,0.99187,2.05239,0.9324,1.06867,0.0001586,0.0001586,0.0001586
467,240.527,0.55657,0.86376,0.55312,0.84369,0.76169,0.78751,0.83261,0.60322,0.77571,0.802,0.81504,0.53972,0.99187,2.05239,0.9324,1.06867,0.00015464,0.00015464,0.00015464
468,241.021,0.65487,1.00189,0.58506,0.85342,0.76378,0.7971,0.83333,0.59661,0.77764,0.81095,0.82087,0.54236,0.99078,2.05833,0.93471,1.06816,0.00015068,0.00015068,0.00015068
469,241.44,0.44623,0.53074,0.4758,0.8541,0.76378,0.7971,0.83333,0.59661,0.77764,0.81095,0.82087,0.54236,0.99078,2.05833,0.93471,1.06816,0.00014672,0.00014672,0.00014672
470,241.896,0.53433,0.77383,0.49841,0.84225,0.76378,0.7971,0.83333,0.59661,0.77764,0.81095,0.82087,0.54236,0.99078,2.05833,0.93471,1.06816,0.00014276,0.00014276,0.00014276
471,242.365,0.60688,0.83612,0.51874,0.88949,0.76378,0.7971,0.83333,0.59661,0.77764,0.81095,0.82087,0.54236,0.99078,2.05833,0.93471,1.06816,0.0001388,0.0001388,0.0001388
472,242.85,0.48332,0.72142,0.48107,0.86568,0.7522,0.7971,0.83511,0.59264,0.7661,0.81159,0.82286,0.54071,0.98564,2.07143,0.93797,1.06585,0.00013484,0.00013484,0.00013484
473,243.322,0.55778,0.84687,0.55126,0.8439,0.7522,0.7971,0.83511,0.59264,0.7661,0.81159,0.82286,0.54071,0.98564,2.07143,0.93797,1.06585,0.00013088,0.00013088,0.00013088
474,243.766,0.5712,0.86037,0.50363,0.87414,0.7522,0.7971,0.83511,0.59264,0.7661,0.81159,0.82286,0.54071,0.98564,2.07143,0.93797,1.06585,0.00012692,0.00012692,0.00012692
475,244.235,0.55081,0.72309,0.51677,0.84757,0.7522,0.7971,0.83511,0.59264,0.7661,0.81159,0.82286,0.54071,0.98564,2.07143,0.93797,1.06585,0.00012296,0.00012296,0.00012296
476,244.7,0.44854,0.5282,0.44465,0.86221,0.74409,0.80068,0.82969,0.59177,0.75747,0.81479,0.82063,0.53179,0.99268,2.07083,0.93754,1.06938,0.000119,0.000119,0.000119
477,245.144,0.48605,0.68409,0.48636,0.8475,0.74409,0.80068,0.82969,0.59177,0.75747,0.81479,0.82063,0.53179,0.99268,2.07083,0.93754,1.06938,0.00011504,0.00011504,0.00011504
478,245.594,0.5207,0.75194,0.48184,0.8275,0.74409,0.80068,0.82969,0.59177,0.75747,0.81479,0.82063,0.53179,0.99268,2.07083,0.93754,1.06938,0.00011108,0.00011108,0.00011108
479,246.059,0.57907,0.7716,0.53961,0.84198,0.74409,0.80068,0.82969,0.59177,0.75747,0.81479,0.82063,0.53179,0.99268,2.07083,0.93754,1.06938,0.00010712,0.00010712,0.00010712
480,246.524,0.4903,0.67685,0.4901,0.80946,0.81934,0.75362,0.82666,0.5895,0.82122,0.76812,0.82242,0.53523,0.98529,2.09959,0.93584,1.06258,0.00010316,0.00010316,0.00010316
481,246.955,0.43172,0.52472,0.46063,0.8336,0.81934,0.75362,0.82666,0.5895,0.82122,0.76812,0.82242,0.53523,0.98529,2.09959,0.93584,1.06258,9.92e-05,9.92e-05,9.92e-05
482,247.445,0.50613,0.70027,0.52231,0.83586,0.81934,0.75362,0.82666,0.5895,0.82122,0.76812,0.82242,0.53523,0.98529,2.09959,0.93584,1.06258,9.524e-05,9.524e-05,9.524e-05
483,247.879,0.44791,0.6538,0.45669,0.85178,0.81934,0.75362,0.82666,0.5895,0.82122,0.76812,0.82242,0.53523,0.98529,2.09959,0.93584,1.06258,9.128e-05,9.128e-05,9.128e-05
484,248.346,0.46482,0.53554,0.45973,0.81673,0.82439,0.72464,0.83015,0.58969,0.74713,0.82609,0.82189,0.53489,0.98594,2.1146,0.93535,1.06052,8.732e-05,8.732e-05,8.732e-05
485,248.992,0.47801,0.57142,0.46966,0.8195,0.82439,0.72464,0.83015,0.58969,0.74713,0.82609,0.82189,0.53489,0.98594,2.1146,0.93535,1.06052,8.336e-05,8.336e-05,8.336e-05
486,249.446,0.42009,0.55492,0.43654,0.82651,0.82439,0.72464,0.83015,0.58969,0.74713,0.82609,0.82189,0.53489,0.98594,2.1146,0.93535,1.06052,7.94e-05,7.94e-05,7.94e-05
487,249.908,0.46736,0.66193,0.45859,0.84105,0.82439,0.72464,0.83015,0.58969,0.74713,0.82609,0.82189,0.53489,0.98594,2.1146,0.93535,1.06052,7.544e-05,7.544e-05,7.544e-05
488,250.414,0.51903,0.68615,0.50039,0.82642,0.8328,0.73913,0.82908,0.59588,0.83987,0.76017,0.82478,0.53777,0.9875,2.09519,0.93745,1.05955,7.148e-05,7.148e-05,7.148e-05
489,250.853,0.44987,0.64412,0.47671,0.86835,0.8328,0.73913,0.82908,0.59588,0.83987,0.76017,0.82478,0.53777,0.9875,2.09519,0.93745,1.05955,6.752e-05,6.752e-05,6.752e-05
490,251.297,0.44647,0.59829,0.46932,0.84082,0.8328,0.73913,0.82908,0.59588,0.83987,0.76017,0.82478,0.53777,0.9875,2.09519,0.93745,1.05955,6.356e-05,6.356e-05,6.356e-05
491,252.024,0.46444,0.64459,0.49639,0.84652,0.8328,0.73913,0.82908,0.59588,0.83987,0.76017,0.82478,0.53777,0.9875,2.09519,0.93745,1.05955,5.96e-05,5.96e-05,5.96e-05
492,252.629,0.46526,0.61755,0.49642,0.85406,0.91794,0.69565,0.82618,0.59901,0.75754,0.82609,0.82652,0.53999,0.98838,2.09513,0.9379,1.06264,5.564e-05,5.564e-05,5.564e-05
493,253.158,0.39029,0.43843,0.43292,0.84168,0.91794,0.69565,0.82618,0.59901,0.75754,0.82609,0.82652,0.53999,0.98838,2.09513,0.9379,1.06264,5.168e-05,5.168e-05,5.168e-05
494,253.661,0.5685,0.78343,0.58946,0.82992,0.91794,0.69565,0.82618,0.59901,0.75754,0.82609,0.82652,0.53999,0.98838,2.09513,0.9379,1.06264,4.772e-05,4.772e-05,4.772e-05
495,254.115,0.44224,0.61775,0.46541,0.82336,0.91794,0.69565,0.82618,0.59901,0.75754,0.82609,0.82652,0.53999,0.98838,2.09513,0.9379,1.06264,4.376e-05,4.376e-05,4.376e-05
496,254.602,0.43221,0.5402,0.47093,0.80951,0.90891,0.69565,0.83182,0.60376,0.74845,0.82609,0.82243,0.53708,0.9907,2.10598,0.93364,1.063,3.98e-05,3.98e-05,3.98e-05
497,255.057,0.42181,0.60519,0.45543,0.85013,0.90891,0.69565,0.83182,0.60376,0.74845,0.82609,0.82243,0.53708,0.9907,2.10598,0.93364,1.063,3.584e-05,3.584e-05,3.584e-05
498,255.515,0.39026,0.51441,0.45271,0.83024,0.90891,0.69565,0.83182,0.60376,0.74845,0.82609,0.82243,0.53708,0.9907,2.10598,0.93364,1.063,3.188e-05,3.188e-05,3.188e-05
499,255.945,0.40531,0.54634,0.44562,0.80713,0.90891,0.69565,0.83182,0.60376,0.74845,0.82609,0.82243,0.53708,0.9907,2.10598,0.93364,1.063,2.792e-05,2.792e-05,2.792e-05
500,256.427,0.39661,0.56928,0.44262,0.82462,0.90242,0.69565,0.8333,0.59991,0.75925,0.82273,0.81252,0.53368,0.98583,2.10429,0.93261,1.05967,2.396e-05,2.396e-05,2.396e-05
